Date,Started,Mature,Turns1,Turns2,Turns3,Turns4,Turns5,Turns6,Turns7,Turns8,Turns9,Turns10plus,MatureTurns,Span0to1,Span2to5,Span6to15,Span16to60,SpanOver60,ChipUse,TypedUse,FirstCited,FirstCitedSingle,FirstCitedTurns,FirstNotFound,FirstNotFoundSingle,FirstNotFoundTurns,FirstClarification,FirstClarificationSingle,FirstClarificationTurns,FirstError,FirstErrorSingle,FirstErrorTurns,FirstOutOfScope,FirstOutOfScopeSingle,FirstOutOfScopeTurns,FirstGreeting,FirstGreetingSingle,FirstGreetingTurns,FirstUncited,FirstUncitedSingle,FirstUncitedTurns
2026-01-01,17,17,8,6,0,3,0,0,0,0,0,0,32,5,2,0,2,0,6,2,16,8,28,0,0,0,0,0,0,0,0,0,0,0,0,0,0,0,1,0,4
2026-01-02,59,59,30,14,5,4,2,0,2,2,0,0,129,11,6,5,3,4,14,17,56,27,126,2,2,2,0,0,0,0,0,0,0,0,0,0,0,0,1,1,1
2026-01-03,9,9,6,2,0,1,0,0,0,0,0,0,14,2,1,0,0,0,2,2,8,5,13,1,1,1,0,0,0,0,0,0,0,0,0,0,0,0,0,0,0
2026-01-04,16,16,10,4,2,0,0,0,0,0,0,0,24,3,1,2,0,0,1,5,15,9,23,0,0,0,0,0,0,1,1,1,0,0,0,0,0,0,0,0,0
2026-01-05,130,130,75,31,11,3,6,1,2,1,0,0,240,25,15,9,4,2,23,29,128,73,238,0,0,0,0,0,0,1,1,1,1,1,1,0,0,0,0,0,0
2026-01-06,82,82,44,17,10,4,3,2,1,0,0,1,181,15,11,5,4,3,20,21,78,41,175,2,1,4,0,0,0,1,1,1,1,1,1,0,0,0,0,0,0
2026-01-07,133,133,74,25,19,6,5,0,1,1,0,2,267,21,22,9,5,2,26,34,125,66,259,2,2,2,0,0,0,2,2,2,4,4,4,0,0,0,0,0,0
2026-01-08,101,101,59,22,8,3,2,4,0,0,0,3,224,17,9,6,6,4,21,25,97,55,220,0,0,0,0,0,0,0,0,0,3,3,3,1,1,1,0,0,0
2026-01-09,114,114,73,24,7,3,4,0,0,1,1,1,202,19,12,2,2,6,21,24,106,67,189,2,0,7,1,1,1,1,1,1,4,4,4,0,0,0,0,0,0
2026-01-10,19,19,10,5,2,1,1,0,0,0,0,0,35,5,2,0,2,0,5,6,17,8,33,0,0,0,0,0,0,1,1,1,1,1,1,0,0,0,0,0,0
2026-01-11,20,20,8,6,3,2,0,0,0,0,0,1,58,4,5,1,1,1,4,11,20,8,58,0,0,0,0,0,0,0,0,0,0,0,0,0,0,0,0,0,0
2026-01-12,121,121,70,23,16,3,2,4,0,0,1,2,252,23,13,7,2,6,25,32,109,61,235,4,2,7,1,1,1,0,0,0,5,5,5,1,1,1,1,0,3
2026-01-13,147,147,76,36,14,13,1,3,3,1,0,0,294,29,26,8,4,4,38,36,137,68,280,3,2,4,2,1,5,0,0,0,5,5,5,0,0,0,0,0,0
2026-01-14,132,132,74,27,9,7,5,3,1,3,0,3,290,17,14,11,11,5,18,44,121,66,269,6,3,16,0,0,0,0,0,0,5,5,5,0,0,0,0,0,0
2026-01-15,176,176,110,40,13,4,7,1,0,0,0,1,300,31,18,8,5,4,27,31,154,91,272,10,7,16,1,1,1,4,4,4,7,7,7,0,0,0,0,0,0
2026-01-16,243,243,160,36,17,15,9,0,1,2,0,3,446,21,34,14,8,6,41,52,222,143,418,8,6,12,1,1,1,3,3,3,5,5,5,1,1,1,3,1,6
2026-01-17,17,17,14,1,0,1,0,0,1,0,0,0,27,1,1,1,0,0,2,2,14,11,24,2,2,2,0,0,0,0,0,0,0,0,0,0,0,0,1,1,1
2026-01-18,33,33,24,4,2,2,0,0,0,0,0,1,57,5,2,2,0,0,4,4,26,17,50,5,5,5,0,0,0,0,0,0,2,2,2,0,0,0,0,0,0
2026-01-19,181,181,115,29,13,12,3,3,2,3,0,1,342,24,22,10,5,5,25,52,160,98,307,13,9,27,0,0,0,3,3,3,3,3,3,1,1,1,1,1,1
2026-01-20,182,182,109,41,16,6,5,2,0,1,0,2,336,31,21,10,5,6,37,40,170,101,306,6,3,21,1,0,4,2,2,2,2,2,2,1,1,1,0,0,0
2026-01-21,176,176,109,31,17,9,3,3,1,1,0,2,337,29,17,8,11,2,29,39,163,98,320,6,4,10,1,1,1,1,1,1,5,5,5,0,0,0,0,0,0
2026-01-22,180,180,99,45,18,7,4,3,2,1,0,1,348,35,26,8,7,5,30,51,166,91,325,8,3,15,0,0,0,0,0,0,5,5,5,0,0,0,1,0,3
2026-01-23,109,109,64,32,7,3,1,0,1,0,0,1,185,22,13,4,3,3,19,21,97,55,170,6,3,9,0,0,0,1,1,1,5,5,5,0,0,0,0,0,0
2026-01-24,23,23,13,4,1,2,0,0,2,0,1,0,55,4,2,0,4,0,4,7,20,10,52,0,0,0,1,1,1,1,1,1,1,1,1,0,0,0,0,0,0
2026-01-25,20,20,11,6,3,0,0,0,0,0,0,0,32,4,3,2,0,0,4,6,16,8,26,3,2,5,1,1,1,0,0,0,0,0,0,0,0,0,0,0,0
2026-01-26,127,127,72,27,13,8,3,1,2,0,1,0,241,16,20,9,8,2,14,41,117,65,223,6,3,14,2,2,2,0,0,0,2,2,2,0,0,0,0,0,0
2026-01-27,160,160,154,4,1,0,0,1,0,0,0,0,171,3,2,0,0,1,3,5,27,22,37,1,0,2,2,2,2,130,130,130,0,0,0,0,0,0,0,0,0
2026-01-28,120,120,64,30,11,5,5,1,1,3,0,0,239,23,15,7,5,6,20,28,105,52,220,6,4,8,1,1,1,0,0,0,5,5,5,2,2,2,1,0,3
2026-01-29,146,146,87,33,10,8,4,3,0,0,0,1,263,24,22,3,6,4,24,40,129,71,245,8,7,9,0,0,0,5,5,5,4,4,4,0,0,0,0,0,0
2026-01-30,84,84,41,27,7,4,4,0,1,0,0,0,159,14,13,5,9,2,13,24,84,41,159,0,0,0,0,0,0,0,0,0,0,0,0,0,0,0,0,0,0
2026-01-31,12,12,6,1,1,2,0,0,1,0,0,1,44,1,3,0,2,0,2,6,12,6,44,0,0,0,0,0,0,0,0,0,0,0,0,0,0,0,0,0,0
2026-02-01,26,26,14,4,4,2,1,0,0,0,0,1,61,2,6,2,1,1,4,9,22,12,52,3,2,6,0,0,0,0,0,0,0,0,0,0,0,0,1,0,3
2026-02-02,26,26,14,6,4,0,1,1,0,0,0,0,49,3,5,3,1,0,6,11,22,10,45,2,2,2,0,0,0,1,1,1,0,0,0,1,1,1,0,0,0
2026-02-03,103,103,62,19,8,5,2,0,1,2,2,2,218,15,14,5,3,4,22,29,98,57,213,2,2,2,1,1,1,0,0,0,1,1,1,0,0,0,1,1,1
2026-02-04,115,115,63,30,10,6,3,0,1,0,0,2,227,26,14,6,4,2,22,35,110,58,222,4,4,4,0,0,0,1,1,1,0,0,0,0,0,0,0,0,0
2026-02-05,122,122,74,19,12,7,3,2,1,2,1,1,249,13,16,6,8,5,23,32,113,66,239,3,2,4,1,1,1,1,1,1,2,2,2,2,2,2,0,0,0
2026-02-06,129,129,66,35,10,6,4,5,0,0,0,3,274,22,17,11,8,5,29,33,118,56,262,6,5,7,0,0,0,0,0,0,3,3,3,2,2,2,0,0,0
2026-02-07,20,20,11,2,5,0,1,1,0,0,0,0,41,2,5,1,1,0,6,8,19,10,40,1,1,1,0,0,0,0,0,0,0,0,0,0,0,0,0,0,0
2026-02-08,14,14,7,5,2,0,0,0,0,0,0,0,23,5,0,2,0,0,2,3,13,7,21,1,0,2,0,0,0,0,0,0,0,0,0,0,0,0,0,0,0
2026-02-09,110,110,58,27,11,6,5,1,1,0,0,1,218,21,15,7,3,6,22,32,100,52,189,6,3,19,0,0,0,0,0,0,3,3,3,0,0,0,1,0,7
2026-02-10,139,139,83,29,15,9,1,2,0,0,0,0,239,26,10,8,7,5,24,31,127,75,220,9,5,16,1,1,1,1,1,1,1,1,1,0,0,0,0,0,0
2026-02-11,100,100,58,19,11,8,2,0,0,0,1,1,190,15,11,4,8,4,16,24,92,52,180,6,4,8,0,0,0,1,1,1,0,0,0,1,1,1,0,0,0
2026-02-12,130,130,75,26,20,5,1,1,0,1,0,1,247,23,21,6,2,3,27,28,119,67,232,8,6,11,2,1,3,0,0,0,0,0,0,1,1,1,0,0,0
2026-02-13,82,82,43,15,14,4,1,3,0,0,2,0,172,11,8,6,6,8,17,27,79,40,169,1,1,1,1,1,1,0,0,0,0,0,0,1,1,1,0,0,0
2026-02-14,8,8,5,3,0,0,0,0,0,0,0,0,11,1,2,0,0,0,0,2,6,3,9,0,0,0,0,0,0,0,0,0,2,2,2,0,0,0,0,0,0
2026-02-15,12,12,7,2,1,1,1,0,0,0,0,0,23,2,1,0,2,0,1,3,10,5,21,0,0,0,0,0,0,0,0,0,1,1,1,1,1,1,0,0,0
2026-02-16,122,122,76,18,15,6,2,1,3,0,0,1,232,13,13,6,7,7,18,30,116,72,222,5,3,9,0,0,0,0,0,0,1,1,1,0,0,0,0,0,0
2026-02-17,121,121,64,31,13,3,6,1,0,2,1,0,238,23,12,11,5,6,25,33,113,58,222,4,2,12,1,1,1,1,1,1,0,0,0,1,1,1,1,1,1
2026-02-18,121,121,74,25,8,6,2,3,0,0,1,2,239,20,14,4,6,3,26,27,109,65,223,8,5,12,1,1,1,0,0,0,3,3,3,0,0,0,0,0,0
2026-02-19,115,115,71,27,7,5,3,0,1,0,0,1,206,18,12,6,3,5,20,24,102,61,190,10,8,12,1,0,2,0,0,0,2,2,2,0,0,0,0,0,0
2026-02-20,107,107,61,20,15,4,4,0,1,0,0,2,209,13,18,4,7,4,20,26,96,53,192,6,4,10,0,0,0,1,1,1,0,0,0,3,3,3,1,0,3
2026-02-21,12,12,5,6,0,1,0,0,0,0,0,0,21,5,2,0,0,0,5,2,9,2,18,0,0,0,1,1,1,0,0,0,1,1,1,1,1,1,0,0,0
2026-02-22,16,16,10,3,2,0,0,0,0,0,0,1,36,2,2,1,1,0,3,4,14,8,34,2,2,2,0,0,0,0,0,0,0,0,0,0,0,0,0,0,0
2026-02-23,120,120,65,31,15,3,1,1,1,1,0,2,232,20,12,10,8,5,25,30,109,55,219,6,5,8,1,1,1,0,0,0,2,2,2,1,1,1,1,1,1
2026-02-24,112,112,56,31,10,5,3,3,1,1,0,2,254,25,13,8,9,1,27,37,108,55,245,3,1,6,0,0,0,0,0,0,0,0,0,0,0,0,1,0,3
2026-02-25,78,78,46,16,9,2,4,0,0,0,0,1,147,12,10,3,5,2,17,19,69,40,122,7,5,22,0,0,0,1,1,1,0,0,0,0,0,0,1,0,2
2026-02-26,105,105,59,24,11,5,1,1,2,0,0,2,211,15,9,6,9,7,18,26,97,53,200,7,5,10,0,0,0,0,0,0,1,1,1,0,0,0,0,0,0
2026-02-27,74,74,36,20,8,5,0,2,0,0,0,3,174,15,9,5,5,4,16,20,68,33,163,5,2,10,0,0,0,0,0,0,1,1,1,0,0,0,0,0,0
2026-02-28,19,19,10,6,0,1,0,2,0,0,0,0,38,2,5,1,0,1,5,5,19,10,38,0,0,0,0,0,0,0,0,0,0,0,0,0,0,0,0,0,0
2026-03-01,26,26,13,6,2,1,1,1,2,0,0,0,60,4,7,2,0,0,6,10,20,8,52,4,3,6,1,1,1,0,0,0,0,0,0,1,1,1,0,0,0
2026-03-02,107,107,60,15,11,12,2,3,1,3,0,0,230,10,12,12,6,7,23,22,93,48,211,9,8,11,1,0,4,0,0,0,3,3,3,0,0,0,1,1,1
2026-03-03,110,110,65,27,8,4,3,2,0,0,1,0,195,22,13,7,2,1,15,33,99,57,181,7,5,9,1,1,1,0,0,0,1,1,1,1,1,1,1,0,2
2026-03-04,104,104,60,25,10,4,0,2,0,1,0,2,198,18,14,5,4,3,21,24,95,56,183,7,2,13,0,0,0,0,0,0,2,2,2,0,0,0,0,0,0
2026-03-05,109,109,65,21,13,2,4,0,2,0,1,1,207,15,11,9,5,4,25,24,103,60,200,2,1,3,0,0,0,0,0,0,3,3,3,0,0,0,1,1,1
2026-03-06,80,80,47,14,10,3,4,0,1,0,0,1,156,11,7,7,6,2,17,20,75,43,150,4,3,5,0,0,0,0,0,0,1,1,1,0,0,0,0,0,0
2026-03-07,15,15,9,2,1,1,0,1,0,0,0,1,43,0,4,1,1,0,3,5,13,7,41,1,1,1,0,0,0,0,0,0,0,0,0,0,0,0,1,1,1
2026-03-08,11,11,8,1,1,0,0,0,0,0,0,1,24,1,0,1,1,0,2,3,10,7,23,0,0,0,0,0,0,0,0,0,1,1,1,0,0,0,0,0,0
2026-03-09,113,113,74,14,14,3,4,1,1,1,1,0,206,10,15,5,5,4,19,29,104,65,197,3,3,3,1,1,1,2,2,2,2,2,2,1,1,1,0,0,0
2026-03-10,118,118,80,21,5,5,3,1,1,0,1,1,204,15,11,7,3,2,19,22,106,72,176,8,7,11,2,0,12,1,1,1,0,0,0,1,0,4,0,0,0
2026-03-11,107,107,66,20,6,1,6,2,3,1,0,2,227,12,13,7,5,4,22,26,92,57,199,10,6,20,3,2,4,1,1,1,1,0,3,0,0,0,0,0,0
2026-03-12,122,122,66,22,12,11,4,0,1,0,2,4,280,9,20,8,12,7,30,39,106,53,258,11,10,13,1,0,2,2,2,2,0,0,0,2,1,5,0,0,0
2026-03-13,110,110,68,26,6,2,6,0,1,0,0,1,193,17,12,4,6,3,21,23,94,56,173,5,4,6,9,6,12,1,1,1,1,1,1,0,0,0,0,0,0
2026-03-14,11,11,5,4,0,1,1,0,0,0,0,0,22,3,3,0,0,0,3,4,11,5,22,0,0,0,0,0,0,0,0,0,0,0,0,0,0,0,0,0,0
2026-03-15,10,10,5,0,3,0,1,1,0,0,0,0,25,0,4,1,0,0,2,5,9,4,24,1,1,1,0,0,0,0,0,0,0,0,0,0,0,0,0,0,0
2026-03-16,99,99,57,18,11,8,3,1,0,1,0,0,187,8,17,9,4,4,23,26,85,48,165,8,5,13,4,2,7,2,2,2,0,0,0,0,0,0,0,0,0
2026-03-17,27,27,15,7,2,1,1,0,1,0,0,0,51,5,4,3,0,0,7,8,23,12,45,2,2,2,1,0,3,1,1,1,0,0,0,0,0,0,0,0,0
2026-03-18,109,109,67,19,8,7,4,1,0,1,0,2,223,8,15,9,8,2,19,28,98,59,205,4,3,5,2,1,4,4,4,4,1,0,5,0,0,0,0,0,0
2026-03-19,101,101,52,23,10,5,5,2,2,0,0,2,221,18,14,9,5,3,25,32,88,44,196,7,4,16,3,1,6,2,2,2,1,1,1,0,0,0,0,0,0
2026-03-20,75,75,39,17,10,5,1,1,0,0,0,2,171,12,13,6,1,4,19,22,62,29,151,9,9,9,4,1,11,0,0,0,0,0,0,0,0,0,0,0,0
2026-03-21,6,6,5,0,0,1,0,0,0,0,0,0,9,0,0,1,0,0,0,1,4,3,7,2,2,2,0,0,0,0,0,0,0,0,0,0,0,0,0,0,0
2026-03-22,18,18,6,6,2,2,0,0,0,1,0,1,55,3,5,2,2,0,7,8,14,4,36,2,1,16,0,0,0,1,1,1,0,0,0,0,0,0,1,0,2
2026-03-23,113,113,67,26,6,5,2,1,0,1,1,4,239,16,8,10,4,8,18,34,97,57,209,6,4,11,2,0,8,4,4,4,1,1,1,0,0,0,3,1,6
2026-03-24,162,162,94,33,18,7,3,2,2,0,1,2,321,22,25,10,6,5,33,42,141,81,289,10,7,13,8,4,15,2,2,2,0,0,0,1,0,2,0,0,0
2026-03-25,134,134,69,32,19,4,4,2,1,1,1,1,272,18,18,16,4,9,34,43,102,52,219,11,8,15,11,3,22,2,2,2,5,2,10,2,1,3,1,1,1
2026-03-26,131,131,74,29,12,6,1,3,0,1,1,4,297,19,17,12,6,3,37,34,113,62,239,5,4,20,4,1,8,5,5,5,0,0,0,4,2,25,0,0,0
2026-03-27,92,92,48,24,6,8,2,1,1,0,0,2,204,12,16,6,6,4,20,31,77,38,179,9,7,11,3,0,11,2,2,2,1,1,1,0,0,0,0,0,0
2026-03-28,23,23,15,2,1,4,0,1,0,0,0,0,44,1,7,0,0,0,6,4,16,10,33,3,3,3,2,0,6,2,2,2,0,0,0,0,0,0,0,0,0
2026-03-29,34,34,22,2,4,1,3,1,1,0,0,0,70,3,4,4,1,0,9,8,30,19,62,2,1,6,1,1,1,1,1,1,0,0,0,0,0,0,0,0,0
2026-03-30,146,146,86,29,12,7,4,4,1,1,0,2,289,17,30,5,5,3,26,39,127,78,242,8,5,16,6,0,13,3,3,3,0,0,0,2,0,15,0,0,0
2026-03-31,130,130,77,29,12,10,0,0,0,1,0,1,229,20,19,3,8,3,28,31,101,59,185,10,7,13,6,2,13,7,7,7,1,1,1,1,0,3,4,1,7
2026-04-01,133,133,71,29,18,10,3,0,1,0,0,1,256,19,23,9,8,3,34,41,114,60,223,9,7,13,5,1,12,2,2,2,0,0,0,1,0,2,2,1,4
2026-04-02,106,106,53,31,10,7,1,2,0,0,0,2,213,16,26,3,4,4,27,32,87,39,181,8,5,15,3,1,9,5,5,5,2,2,2,0,0,0,1,1,1
2026-04-03,40,40,19,13,5,0,0,1,1,0,0,1,86,10,6,3,1,1,9,12,30,15,69,1,1,1,5,0,11,2,2,2,0,0,0,2,1,3,0,0,0
2026-04-04,29,29,20,3,1,2,1,1,0,0,0,1,62,1,3,4,1,0,8,6,24,15,57,4,4,4,0,0,0,1,1,1,0,0,0,0,0,0,0,0,0
2026-04-05,32,32,18,4,6,1,1,0,0,0,1,1,73,5,4,4,1,0,10,9,23,11,60,2,1,4,4,4,4,1,1,1,0,0,0,2,1,4,0,0,0
2026-04-06,41,41,18,11,6,4,0,2,0,0,0,0,86,4,13,5,1,0,12,18,33,13,70,2,2,2,2,1,3,1,1,1,2,1,7,1,0,3,0,0,0
2026-04-07,157,157,80,36,12,12,7,2,3,1,0,4,391,26,24,8,12,7,46,49,132,65,335,6,6,6,8,1,23,5,5,5,2,2,2,1,0,7,3,1,13
2026-04-08,129,129,67,24,16,5,6,2,3,3,0,3,311,12,21,13,6,10,32,42,105,52,261,11,7,31,6,1,12,4,4,4,2,2,2,0,0,0,1,1,1
2026-04-09,143,143,75,31,20,7,4,4,0,2,0,0,285,17,29,10,4,8,39,35,123,58,260,7,5,10,7,6,9,5,5,5,0,0,0,0,0,0,1,1,1
2026-04-10,75,75,34,22,8,4,4,2,0,1,0,0,158,10,21,5,1,4,22,26,59,25,125,5,1,16,3,2,6,3,3,3,3,3,3,0,0,0,2,0,5
2026-04-11,17,17,6,3,4,1,2,1,0,0,0,0,44,0,7,4,0,0,6,8,15,5,41,2,1,3,0,0,0,0,0,0,0,0,0,0,0,0,0,0,0
2026-04-12,23,23,11,5,5,1,0,0,0,0,0,1,59,2,7,2,1,0,6,6,20,8,56,2,2,2,1,1,1,0,0,0,0,0,0,0,0,0,0,0,0
2026-04-13,112,112,53,29,9,9,6,3,2,0,0,1,258,18,20,11,7,3,37,38,89,38,224,9,8,10,7,3,12,4,4,4,2,0,6,0,0,0,1,0,2
2026-04-14,109,109,61,25,7,6,2,2,3,2,0,1,234,11,12,12,8,5,22,31,90,50,203,6,5,7,6,2,10,3,3,3,1,0,2,0,0,0,3,1,9
2026-04-15,107,107,56,29,8,6,4,0,1,1,1,1,222,8,24,10,1,8,20,32,88,45,176,6,3,26,8,5,13,3,3,3,2,0,4,0,0,0,0,0,0
2026-04-16,109,109,75,16,7,5,2,0,2,0,1,1,202,8,12,7,3,4,20,23,96,66,174,6,3,13,4,3,12,3,3,3,0,0,0,0,0,0,0,0,0
2026-04-17,102,102,64,20,9,7,1,0,0,0,0,1,174,12,15,5,4,2,21,23,91,55,160,5,5,5,1,0,2,2,2,2,1,1,1,0,0,0,2,1,4
2026-04-18,21,21,11,6,1,1,1,0,0,0,1,0,44,1,4,3,1,1,5,5,16,7,36,3,2,6,0,0,0,2,2,2,0,0,0,0,0,0,0,0,0
2026-04-19,24,24,12,3,1,4,2,1,0,0,0,1,65,1,4,6,1,0,6,8,16,6,42,3,2,14,1,0,5,4,4,4,0,0,0,0,0,0,0,0,0
2026-04-20,91,91,50,20,8,9,1,1,0,1,0,1,188,5,21,10,3,2,25,24,83,43,179,3,3,3,2,1,3,3,3,3,0,0,0,0,0,0,0,0,0
2026-04-21,121,121,68,30,14,3,2,1,1,0,1,1,231,18,13,16,4,2,26,31,110,60,214,5,3,9,0,0,0,5,5,5,1,0,3,0,0,0,0,0,0
2026-04-22,102,102,52,21,12,6,5,1,2,1,0,2,229,10,18,10,8,4,25,33,89,43,208,7,5,10,3,1,8,3,3,3,0,0,0,0,0,0,0,0,0
2026-04-23,110,110,65,21,12,4,3,2,1,2,0,0,209,10,23,8,2,2,24,30,92,53,174,11,9,19,4,0,13,3,3,3,0,0,0,0,0,0,0,0,0
2026-04-24,83,83,44,17,13,6,2,0,1,0,0,0,158,8,16,11,3,1,18,28,68,38,128,7,5,12,6,0,14,0,0,0,1,0,3,0,0,0,1,1,1
2026-04-25,12,12,8,2,0,1,0,0,0,0,0,1,28,1,1,2,0,0,3,3,11,7,27,1,1,1,0,0,0,0,0,0,0,0,0,0,0,0,0,0,0
2026-04-26,17,17,6,3,5,2,0,0,1,0,0,0,42,1,7,2,1,0,7,9,12,3,35,1,1,1,2,1,3,1,1,1,1,0,2,0,0,0,0,0,0
2026-04-27,121,121,72,22,13,1,7,2,1,1,0,2,243,13,19,10,6,1,29,34,103,57,221,11,9,13,1,0,3,5,5,5,1,1,1,0,0,0,0,0,0
2026-04-28,108,108,65,19,12,8,3,0,0,0,0,1,196,11,14,11,6,1,22,30,87,51,158,9,7,13,5,1,15,4,4,4,0,0,0,0,0,0,3,2,6
2026-04-29,120,120,66,24,15,7,5,0,1,1,1,0,236,15,20,8,5,6,35,26,110,61,215,1,0,5,5,3,9,1,1,1,2,1,4,0,0,0,1,0,2
2026-04-30,96,96,49,29,9,3,3,0,1,1,0,1,209,12,19,11,3,2,20,33,83,43,180,4,3,6,5,0,15,2,2,2,1,1,1,0,0,0,1,0,5
2026-05-01,79,79,46,17,8,5,0,1,0,0,1,1,149,8,17,4,1,3,17,17,65,37,117,8,6,17,4,2,10,1,1,1,0,0,0,0,0,0,1,0,4
2026-05-02,19,19,8,4,2,3,0,0,1,0,0,1,55,0,6,4,1,0,2,11,14,6,32,2,1,15,3,1,8,0,0,0,0,0,0,0,0,0,0,0,0
2026-05-03,11,11,5,1,1,0,2,2,0,0,0,0,32,0,4,2,0,0,2,5,9,4,28,1,1,1,1,0,3,0,0,0,0,0,0,0,0,0,0,0,0
2026-05-04,18,18,7,4,3,1,0,0,1,0,0,2,61,3,4,0,2,2,8,7,13,3,55,4,4,4,0,0,0,0,0,0,0,0,0,0,0,0,1,0,2
2026-05-05,81,81,47,11,10,3,3,2,0,2,0,3,208,6,16,3,4,5,17,23,64,33,186,7,6,9,2,1,3,6,6,6,0,0,0,1,0,3,1,1,1
2026-05-06,88,88,52,20,5,4,1,1,3,0,0,2,180,13,8,4,7,4,25,20,81,46,170,3,2,6,0,0,0,2,2,2,1,1,1,0,0,0,1,1,1
2026-05-07,102,102,62,18,10,7,1,1,0,1,1,1,194,11,15,6,7,1,22,29,89,52,176,7,7,7,2,0,6,1,1,1,1,0,2,0,0,0,2,2,2
2026-05-08,92,92,47,20,9,5,2,3,2,0,3,1,213,9,15,8,10,3,24,31,77,38,182,6,5,7,5,2,13,2,2,2,1,0,5,0,0,0,1,0,4
2026-05-09,18,18,6,5,4,1,0,1,0,0,0,1,48,4,4,3,0,1,10,5,14,3,43,2,2,2,0,0,0,0,0,0,1,1,1,0,0,0,1,0,2
2026-05-10,11,11,1,5,2,0,2,0,0,0,0,1,43,2,4,2,2,0,4,8,7,0,35,2,1,3,2,0,5,0,0,0,0,0,0,0,0,0,0,0,0
2026-05-11,268,268,138,58,33,15,13,2,3,1,3,2,569,45,49,20,12,4,86,71,219,104,478,23,21,29,14,5,41,5,5,5,4,3,5,3,0,11,0,0,0
2026-05-12,288,288,141,67,37,11,11,5,7,2,1,6,705,46,50,30,17,4,85,88,222,101,569,27,19,41,15,3,49,16,16,16,2,1,6,3,1,15,3,0,9
2026-05-13,267,267,150,68,23,10,5,8,1,1,0,1,495,39,40,26,9,3,55,58,186,96,364,26,21,33,16,1,45,28,28,28,1,1,1,5,1,10,5,2,14
2026-05-14,290,290,166,60,34,13,8,4,2,0,1,2,548,36,51,24,10,3,70,61,197,93,423,32,26,40,10,4,20,38,38,38,4,3,5,8,1,21,1,1,1
2026-05-15,238,238,101,73,30,18,6,5,1,1,1,2,516,49,54,23,8,3,77,74,196,82,424,13,11,22,14,5,29,3,3,3,4,0,9,8,0,29,0,0,0
2026-05-16,89,89,35,33,9,5,2,2,0,2,0,1,197,28,15,9,2,0,33,20,71,25,163,6,6,6,6,1,18,1,1,1,0,0,0,4,1,8,1,1,1
2026-05-17,102,102,48,27,8,8,6,1,0,1,1,2,232,17,21,14,1,1,33,37,73,29,187,12,10,14,3,0,6,7,7,7,3,2,4,3,0,11,1,0,3
2026-05-18,270,270,137,65,31,22,5,5,0,0,0,5,567,54,52,17,6,4,80,73,214,98,473,35,31,44,6,2,13,2,2,2,0,0,0,9,1,22,4,3,13
2026-05-19,296,296,145,78,31,19,10,4,3,3,1,2,624,44,63,27,13,4,95,89,236,103,516,36,29,50,12,4,32,6,6,6,2,1,14,1,0,2,3,2,4
2026-05-20,470,470,226,123,60,26,13,10,2,7,0,3,984,90,99,39,15,1,149,131,379,175,810,34,28,44,27,4,71,10,10,10,5,4,6,8,2,30,7,3,13
2026-05-21,462,462,214,114,58,35,14,10,6,3,2,6,1087,82,110,35,11,10,169,139,375,164,901,41,30,64,23,8,74,7,7,7,2,2,2,9,1,29,5,2,10
2026-05-22,347,347,168,98,32,16,12,12,2,1,1,5,743,63,82,23,10,1,106,94,285,134,631,23,19,28,17,5,43,7,7,7,5,2,8,6,1,14,4,0,12
2026-05-23,152,152,68,36,17,12,7,2,2,1,7,0,371,32,30,16,5,1,57,47,118,49,298,17,11,30,8,3,22,1,1,1,3,2,7,4,1,12,1,1,1
2026-05-24,150,150,67,30,25,13,8,4,1,1,1,0,342,19,49,12,3,0,58,48,112,38,279,15,13,20,14,8,33,5,5,5,4,3,5,0,0,0,0,0,0
2026-05-25,394,394,191,100,38,24,14,9,6,3,1,8,903,67,82,40,12,2,128,113,316,146,750,37,28,56,15,6,39,5,5,5,4,1,9,13,3,37,4,2,7
2026-05-26,407,407,197,105,56,20,13,7,2,5,0,2,839,74,95,25,12,4,128,115,321,142,700,39,33,48,24,11,47,5,5,5,2,1,3,8,1,24,8,4,12
2026-05-27,407,407,196,99,49,25,17,5,7,3,0,6,957,73,90,29,16,3,142,118,311,147,711,46,34,63,27,7,111,1,1,1,2,2,2,13,1,54,7,4,15
2026-05-28,414,414,194,102,47,23,13,8,7,2,5,13,1018,74,82,41,16,7,149,128,337,148,855,44,37,61,17,4,59,2,2,2,2,1,10,10,1,28,2,1,3
2026-05-29,359,359,205,74,32,22,11,2,7,3,2,1,710,52,60,29,11,2,84,92,229,103,524,27,24,31,22,8,49,60,60,60,6,4,8,9,3,21,6,3,17
2026-05-30,177,177,76,47,22,12,7,4,2,2,1,4,436,37,41,17,5,1,55,64,133,54,347,23,18,38,15,2,37,1,1,1,2,0,6,1,0,3,2,1,4
2026-05-31,179,179,98,38,10,12,8,1,3,2,1,6,430,31,24,17,7,2,53,48,129,63,337,28,25,40,13,2,42,3,3,3,3,2,5,1,1,1,2,2,2
2026-06-01,312,312,149,72,45,14,10,10,5,1,1,5,745,54,65,29,14,1,110,98,232,98,592,40,32,58,18,5,55,10,10,10,0,0,0,6,1,18,6,3,12
2026-06-02,474,474,210,121,67,36,13,16,2,1,2,6,1085,94,111,37,16,6,175,144,388,166,921,37,29,55,30,6,71,6,6,6,3,0,6,7,1,18,3,2,8
2026-06-03,471,471,229,119,54,30,16,6,3,2,3,9,1037,82,101,39,16,4,155,143,366,162,826,57,47,74,24,7,68,8,8,8,5,2,24,9,2,32,2,1,5
2026-06-04,434,434,203,107,56,27,15,9,4,3,4,6,981,80,88,40,15,8,145,145,343,159,785,39,25,62,25,6,66,6,6,6,4,4,4,13,2,49,4,1,9
2026-06-05,353,353,177,86,42,19,10,9,1,1,3,5,759,70,60,26,18,2,108,113,265,118,594,39,33,56,23,9,68,5,5,5,3,2,4,15,9,25,3,1,7
2026-06-06,193,193,93,49,21,11,9,2,0,2,0,6,465,46,31,18,3,2,71,55,142,63,355,23,16,35,15,6,47,4,4,4,4,2,12,1,1,1,4,1,11
2026-06-07,235,235,109,56,26,21,5,5,3,2,3,5,568,51,41,25,9,0,87,75,171,71,425,32,28,46,19,4,43,2,2,2,2,2,2,8,1,49,1,1,1
2026-06-08,460,460,240,105,49,32,10,8,4,3,6,3,964,71,91,43,9,6,136,131,361,182,765,48,31,89,25,10,61,12,12,12,2,0,5,8,2,27,4,3,5
2026-06-09,442,442,215,103,49,38,16,10,3,1,0,7,976,70,102,38,11,6,147,139,362,167,808,40,33,65,23,8,50,1,1,1,3,2,5,6,1,26,7,3,21
2026-06-10,395,395,196,90,41,26,18,11,6,2,2,3,877,52,88,41,14,4,120,126,300,137,693,50,42,61,21,4,63,8,8,8,2,2,2,5,0,28,9,3,22
2026-06-11,356,356,172,89,36,18,9,3,11,6,5,7,855,60,68,41,13,2,109,107,280,129,699,36,30,52,22,7,56,1,1,1,3,1,11,8,1,25,6,3,11
2026-06-12,336,336,164,87,43,21,7,7,0,1,1,5,716,64,74,18,10,6,106,106,256,125,547,37,25,54,26,4,86,5,5,5,2,2,2,4,1,10,6,2,12
2026-06-13,177,177,81,39,25,11,8,4,3,1,2,3,442,28,40,22,4,2,63,59,139,59,347,21,18,32,8,1,27,0,0,0,3,2,4,5,0,31,1,1,1
2026-06-14,171,171,87,40,20,10,5,4,2,0,1,2,371,30,40,11,2,1,52,49,146,73,324,8,6,10,11,4,20,2,2,2,2,1,12,2,1,3,0,0,0
2026-06-15,421,421,193,107,46,22,16,14,7,6,2,8,1027,87,80,36,19,6,145,144,338,145,839,39,31,58,21,5,81,6,6,6,5,3,7,6,1,18,6,2,18
2026-06-16,408,408,200,90,57,22,15,8,7,4,3,2,897,67,86,34,15,6,137,112,316,140,744,41,37,49,27,9,60,8,8,8,4,3,5,9,1,27,3,2,4
2026-06-17,420,420,199,99,56,29,14,8,4,3,3,5,939,77,89,37,14,4,147,129,332,148,777,49,39,67,16,3,44,6,6,6,1,1,1,11,2,30,5,0,14
2026-06-18,391,391,194,92,51,26,13,5,3,2,0,5,823,59,93,29,10,6,113,119,302,142,646,39,30,58,29,10,82,6,6,6,5,5,5,6,0,18,4,1,8
2026-06-19,334,334,165,81,38,27,6,5,3,5,0,4,733,62,69,24,10,4,103,106,267,127,596,32,26,51,15,3,45,3,3,3,3,2,5,9,2,23,5,2,10
2026-06-20,161,161,59,40,16,23,7,7,2,3,0,4,444,32,44,18,6,2,74,61,132,44,362,13,11,19,12,3,52,0,0,0,0,0,0,2,0,8,2,1,3
2026-06-21,111,111,47,29,17,8,6,0,3,1,0,0,247,24,23,12,5,0,42,36,87,34,195,14,10,22,6,1,23,2,2,2,0,0,0,2,0,5,0,0,0
2026-06-22,383,383,177,92,43,20,18,8,13,4,1,7,925,66,72,41,19,8,130,129,297,128,734,52,37,92,17,2,62,3,3,3,3,3,3,7,3,15,4,1,16
2026-06-23,335,335,184,69,35,19,12,8,2,2,1,3,691,49,57,24,14,7,96,89,255,131,558,46,38,58,18,7,38,2,2,2,3,3,3,7,2,21,4,1,11
2026-06-24,316,316,161,70,40,25,6,5,4,0,3,2,656,48,69,25,12,1,100,89,251,119,551,30,23,42,16,8,32,6,6,6,3,2,4,3,1,9,7,2,12
2026-06-25,318,318,162,70,34,23,10,7,6,2,2,2,691,48,62,32,10,4,100,95,259,127,573,26,20,50,23,7,55,5,5,5,1,1,1,1,0,2,3,2,5
2026-06-26,266,266,127,67,38,17,10,4,1,1,0,1,543,52,56,21,6,4,92,74,208,95,441,31,21,43,12,3,28,6,6,6,2,1,3,4,0,16,3,1,6
2026-06-27,179,179,91,34,23,14,1,3,3,3,2,5,436,31,35,14,6,2,60,54,142,64,374,16,16,16,16,7,39,1,1,1,1,1,1,3,2,5,0,0,0
2026-06-28,191,191,101,36,25,12,9,2,3,0,2,1,402,24,37,24,5,0,61,52,137,70,292,21,15,34,19,9,45,1,1,1,5,3,8,7,2,21,1,1,1
2026-06-29,413,413,196,95,51,18,25,9,7,1,2,9,1026,67,91,36,15,8,148,127,345,152,910,38,34,42,14,3,39,3,3,3,4,1,12,4,1,12,5,2,8
2026-06-30,463,463,244,113,50,32,9,4,3,1,3,4,927,89,97,24,9,0,134,105,363,186,743,50,36,74,34,14,76,4,4,4,3,2,4,8,1,25,1,1,1
2026-07-01,383,383,213,95,47,15,7,3,0,2,1,0,682,78,68,16,5,3,108,89,301,163,536,46,36,61,21,6,59,5,5,5,1,1,1,6,0,14,3,2,6
2026-07-02,412,412,205,110,54,21,8,7,4,2,0,1,807,76,89,28,11,3,126,112,331,165,657,36,27,51,28,8,56,3,3,3,4,1,14,8,1,21,2,0,5
2026-07-03,304,304,168,74,38,12,2,2,5,0,2,1,563,50,56,17,9,4,71,79,263,151,473,7,5,10,17,2,48,3,3,3,5,5,5,8,1,23,1,1,1
2026-07-04,154,154,84,37,14,9,3,2,0,2,0,3,320,28,27,10,4,1,40,41,131,70,257,7,5,26,9,4,25,4,4,4,1,1,1,2,0,7,0,0,0
2026-07-05,154,154,88,36,11,9,5,0,3,1,0,1,293,23,31,4,6,2,36,45,131,76,249,6,4,8,10,3,25,2,2,2,4,2,8,1,1,1,0,0,0
2026-07-06,393,393,216,93,41,23,10,6,1,1,1,1,739,67,72,21,12,5,96,102,344,197,621,17,12,28,24,4,76,3,3,3,3,0,7,2,0,4,0,0,0
2026-07-07,367,367,193,94,34,22,11,2,1,4,1,5,749,65,72,19,14,4,90,104,321,178,631,10,7,16,25,3,69,5,5,5,0,0,0,6,0,28,0,0,0
2026-07-08,358,358,185,100,36,14,10,3,4,2,1,3,724,71,63,21,16,2,92,103,312,168,583,10,6,20,22,4,62,5,5,5,5,2,34,3,0,18,1,0,2
2026-07-09,311,311,156,80,45,17,5,2,1,2,1,2,610,54,68,25,7,1,86,92,268,129,528,10,8,14,20,9,50,7,7,7,3,2,4,3,1,7,0,0,0
2026-07-10,282,282,151,67,39,10,6,4,1,2,0,2,541,51,56,16,5,3,74,73,236,130,448,11,11,11,23,4,60,3,3,3,2,1,3,6,1,15,1,1,1
2026-07-11,130,130,72,24,15,9,4,1,0,0,1,4,303,16,31,7,3,1,37,35,110,59,267,4,4,4,9,4,20,2,2,2,3,3,3,2,0,7,0,0,0
2026-07-12,139,139,78,29,18,5,3,1,1,3,0,1,272,21,29,11,0,0,39,35,126,71,243,5,3,13,6,3,10,0,0,0,1,1,1,1,0,5,0,0,0
2026-07-13,343,343,194,80,32,22,9,1,1,1,0,3,660,46,68,25,6,4,73,91,297,171,564,9,7,11,16,5,44,9,9,9,5,2,11,7,0,21,0,0,0
2026-07-14,350,350,191,99,29,12,5,7,2,3,0,2,669,62,55,28,10,4,71,103,308,174,575,10,5,18,16,3,44,4,4,4,8,3,18,4,2,10,0,0,0
2026-07-15,334,334,176,79,50,11,5,2,1,3,1,6,681,59,64,21,9,5,88,89,277,151,555,11,11,11,18,5,37,5,5,5,7,2,22,16,2,51,0,0,0
2026-07-16,337,337,199,73,35,14,4,5,2,3,2,0,612,55,63,12,7,1,73,83,287,173,526,13,11,15,23,8,45,4,4,4,3,1,6,7,2,16,0,0,0
2026-07-17,306,306,180,76,20,14,7,3,0,4,0,2,560,45,58,15,5,3,75,67,274,161,493,11,7,17,10,2,36,6,6,6,1,1,1,3,2,6,1,1,1
2026-07-18,174,174,78,41,25,10,7,3,2,3,2,3,418,32,44,16,4,0,58,66,152,70,363,6,6,6,15,1,48,0,0,0,1,1,1,0,0,0,0,0,0
2026-07-19,145,145,76,34,16,11,5,0,1,1,0,1,290,27,35,5,2,0,50,37,125,65,234,2,2,2,11,3,46,3,3,3,4,3,5,0,0,0,0,0,0
2026-07-20,356,356,187,99,31,19,9,3,3,3,1,1,684,69,65,19,12,4,86,93,310,160,574,16,13,25,15,5,58,7,7,7,2,1,6,6,1,14,0,0,0
2026-07-21,399,399,219,97,42,22,8,8,3,0,0,0,736,67,78,18,17,0,106,100,345,191,621,13,13,13,25,8,60,5,5,5,3,0,11,7,1,25,1,1,1
2026-07-22,386,386,207,97,36,19,10,9,4,1,1,2,766,71,72,22,11,3,105,105,336,183,659,9,7,11,23,7,64,5,5,5,5,4,6,6,0,17,2,1,4
2026-07-23,381,381,207,102,36,21,9,2,0,3,0,1,695,66,70,24,13,1,84,107,326,178,593,16,12,21,23,5,58,7,7,7,3,2,4,5,2,11,1,1,1
2026-07-24,333,333,179,87,37,19,6,1,2,1,0,1,610,52,72,23,6,1,86,96,299,160,541,9,6,14,16,5,43,3,3,3,4,3,7,1,1,1,1,1,1
2026-07-25,158,158,80,42,17,8,7,0,2,2,0,0,312,32,32,10,3,1,42,52,141,71,278,7,7,7,7,0,22,1,1,1,0,0,0,2,1,4,0,0,0
2026-07-26,172,172,85,43,27,6,4,2,1,2,0,2,363,34,32,14,6,1,44,60,144,72,308,10,7,17,11,4,21,1,1,1,2,1,3,4,0,13,0,0,0
2026-07-27,379,379,217,93,25,19,12,5,5,1,0,2,710,69,55,25,10,3,90,96,315,186,569,17,14,26,29,7,72,7,7,7,2,0,7,8,2,28,1,1,1
2026-07-28,419,419,225,110,35,25,9,9,0,2,2,2,803,65,88,24,12,5,100,130,381,206,714,11,9,15,18,6,44,2,2,2,2,1,4,5,1,24,0,0,0
2026-07-29,375,375,216,94,37,13,8,2,2,1,0,2,667,66,66,16,8,3,88,91,335,195,586,12,12,12,17,4,41,5,5,5,1,0,6,5,0,17,0,0,0
2026-07-30,321,321,170,77,47,14,3,5,2,0,2,1,616,56,65,22,7,1,87,90,271,150,505,21,13,38,15,2,36,3,3,3,4,2,7,7,0,27,0,0,0
2026-07-31,267,267,140,66,29,13,10,4,1,0,1,3,542,49,53,13,8,4,75,71,240,132,476,11,7,16,12,0,42,1,1,1,0,0,0,3,0,7,0,0,0
2026-08-01,170,170,89,38,17,12,7,3,3,0,0,1,366,31,40,6,4,0,49,47,137,73,298,9,6,15,14,5,38,3,3,3,1,1,1,6,1,11,0,0,0
2026-08-02,152,152,78,42,20,7,4,0,1,0,0,0,277,38,29,5,2,0,44,39,119,61,213,7,6,9,13,3,34,3,3,3,6,3,11,4,2,7,0,0,0
2026-08-03,231,231,127,54,28,10,6,0,1,2,2,1,440,43,42,13,6,0,68,53,204,115,377,9,7,11,13,3,34,2,2,2,1,0,10,2,0,6,0,0,0
2026-08-04,393,393,212,96,53,17,3,4,3,1,2,2,753,77,71,20,10,3,104,110,337,188,639,12,10,17,27,6,63,5,5,5,5,1,11,7,2,18,0,0,0
2026-08-05,382,382,203,96,44,18,8,5,3,4,0,1,739,69,79,21,6,4,101,95,328,174,637,16,15,17,21,5,53,5,5,5,3,2,4,8,1,22,1,1,1
2026-08-06,363,363,188,105,33,24,6,3,1,2,1,0,673,86,62,20,6,1,90,113,306,163,553,14,10,20,27,5,69,6,6,6,7,4,12,3,0,13,0,0,0
2026-08-07,323,323,175,76,38,19,7,2,2,1,1,2,619,65,62,15,5,1,82,87,280,156,525,11,9,14,15,5,34,3,3,3,4,1,13,9,0,29,1,1,1
2026-08-08,190,190,96,48,24,9,5,2,3,1,2,0,384,34,44,10,5,1,54,57,156,77,314,7,5,14,15,7,34,3,3,3,3,2,4,6,2,15,0,0,0
2026-08-09,177,177,101,45,17,4,5,2,0,1,0,2,323,32,27,14,3,0,37,44,140,80,261,6,5,7,16,9,25,1,1,1,10,6,16,4,0,13,0,0,0
2026-08-10,433,433,217,119,49,24,13,5,3,2,1,0,839,89,91,24,8,4,128,119,377,198,709,12,8,17,28,3,80,6,6,6,3,2,7,7,0,20,0,0,0
2026-08-11,417,417,234,113,39,18,4,2,2,3,1,1,741,73,79,22,6,3,86,119,358,206,623,14,9,21,27,8,64,6,6,6,6,4,10,4,1,12,2,0,5
2026-08-12,338,338,180,85,30,22,9,4,1,0,4,3,671,60,67,19,8,4,87,92,298,162,596,16,13,20,14,4,34,1,1,1,2,0,4,6,0,14,1,0,2
2026-08-13,375,375,217,89,36,15,10,8,0,0,0,0,661,63,65,24,4,2,73,107,316,190,533,17,10,27,22,7,51,3,3,3,6,3,14,11,4,33,0,0,0
2026-08-14,316,316,172,78,28,18,9,3,3,0,2,3,620,60,55,21,5,3,77,92,267,144,524,13,13,13,24,7,67,4,4,4,6,4,8,2,0,4,0,0,0
2026-08-15,154,154,82,37,18,6,2,2,3,2,0,2,320,30,32,8,1,1,42,39,132,66,277,10,9,12,5,3,9,3,3,3,1,1,1,3,0,18,0,0,0
2026-08-16,181,181,90,48,19,13,5,4,2,0,0,0,358,37,40,11,2,1,54,50,152,77,297,6,3,10,14,4,37,4,4,4,4,2,7,1,0,3,0,0,0
2026-08-17,402,402,226,96,40,17,10,5,5,0,3,0,748,76,65,23,9,3,85,112,343,197,635,19,14,31,25,5,55,6,6,6,1,1,1,5,1,15,3,2,5
2026-08-18,439,439,256,106,41,19,9,4,4,0,0,0,764,74,71,21,9,8,95,118,393,236,676,15,11,21,21,5,48,3,3,3,2,1,4,5,0,12,0,0,0
2026-08-19,395,395,220,96,44,19,8,1,2,3,0,2,729,65,84,17,5,4,91,101,345,198,607,20,15,30,16,2,58,3,3,3,4,2,6,7,0,25,0,0,0
2026-08-20,348,348,184,80,42,22,7,2,5,2,3,1,693,59,72,25,5,3,91,101,301,165,570,14,11,21,19,3,52,2,2,2,6,3,16,6,0,32,0,0,0
2026-08-21,302,302,169,81,29,13,5,2,1,0,0,2,540,65,50,14,3,1,67,78,248,143,433,14,11,18,23,7,61,3,3,3,4,2,7,10,3,18,0,0,0
2026-08-22,157,157,91,36,17,6,3,2,1,0,0,1,282,29,29,7,1,0,40,37,129,73,234,10,10,10,12,3,31,2,2,2,3,3,3,1,0,2,0,0,0
2026-08-23,190,190,105,38,23,10,10,3,0,0,0,1,368,37,34,12,1,1,50,52,169,96,325,2,2,2,15,5,32,0,0,0,1,1,1,3,1,8,0,0,0
2026-08-24,408,408,243,96,40,13,6,2,3,0,0,5,742,74,64,12,9,6,103,86,373,221,672,8,8,8,18,9,39,0,0,0,6,5,7,2,0,13,1,0,3
2026-08-25,410,410,249,85,41,17,6,4,5,2,0,1,733,70,62,20,7,2,88,91,355,220,625,18,17,19,20,3,51,5,5,5,4,3,6,8,1,27,0,0,0
2026-08-26,395,395,205,105,50,11,10,5,3,1,1,4,806,83,80,20,6,1,113,102,341,178,693,12,12,12,31,8,85,3,3,3,1,1,1,7,3,12,0,0,0
2026-08-27,408,408,236,75,52,21,8,4,6,1,0,5,794,60,71,24,12,5,95,105,355,214,665,13,9,25,25,3,81,9,9,9,3,1,6,3,0,8,0,0,0
2026-08-28,302,302,179,71,20,18,7,3,1,0,0,3,554,50,55,13,3,2,71,65,259,155,456,10,8,12,19,8,62,5,5,5,3,0,9,6,3,10,0,0,0
2026-08-29,211,211,110,53,23,14,5,2,2,0,0,2,417,43,40,13,4,1,59,56,180,99,338,6,4,9,17,3,46,3,3,3,0,0,0,5,1,21,0,0,0
2026-08-30,219,219,111,52,26,18,5,2,0,3,1,1,448,48,41,13,6,0,60,70,185,98,366,4,3,6,17,3,46,3,3,3,4,3,6,5,1,19,1,0,2
2026-08-31,403,403,221,101,41,20,10,4,1,3,2,0,749,62,83,26,9,2,111,97,360,194,674,15,14,16,14,6,29,1,1,1,6,5,9,7,1,20,0,0,0
2026-09-01,400,400,220,96,41,18,12,8,0,1,3,1,763,64,82,24,8,2,105,98,355,201,661,18,12,29,16,2,44,3,3,3,3,2,6,5,0,20,0,0,0
2026-09-02,444,444,258,99,46,22,9,4,3,0,0,3,804,79,74,25,6,2,110,112,376,223,674,17,14,23,33,9,77,10,10,10,5,2,13,3,0,7,0,0,0
2026-09-03,402,402,233,89,42,21,10,3,1,2,0,1,723,63,71,22,8,5,90,103,360,207,649,16,13,19,15,7,29,4,4,4,3,2,6,4,0,16,0,0,0
2026-09-04,348,348,188,84,38,18,8,4,3,1,0,4,691,55,72,23,7,3,76,102,301,164,601,13,11,22,21,7,43,3,3,3,4,2,7,6,1,15,0,0,0
2026-09-05,158,158,88,32,20,8,2,3,2,0,0,3,327,24,29,10,6,1,47,42,134,75,280,6,4,9,12,4,27,4,4,4,1,1,1,1,0,6,0,0,0
2026-09-06,192,192,97,55,25,6,3,2,1,0,3,0,367,38,43,10,4,0,53,56,165,81,323,3,3,3,13,4,26,3,3,3,5,5,5,3,1,7,0,0,0
2026-09-07,468,468,280,93,52,23,12,1,1,3,0,3,842,80,73,21,12,2,122,103,421,257,745,7,4,10,25,8,61,5,5,5,6,4,11,3,1,9,1,1,1
2026-09-08,491,491,271,134,43,20,7,8,1,3,1,3,905,104,83,23,9,1,128,124,435,245,787,11,10,12,32,5,91,7,7,7,3,2,4,3,2,4,0,0,0
2026-09-09,427,427,226,108,43,17,13,6,4,2,1,7,881,77,78,31,13,2,110,118,366,200,711,12,11,13,30,9,102,5,5,5,7,1,23,7,0,27,0,0,0
2026-09-10,475,475,262,126,40,23,11,6,2,2,1,2,878,86,98,22,5,2,119,120,415,231,769,17,13,21,22,7,45,8,8,8,3,3,3,9,0,29,1,0,3
2026-09-11,353,353,198,76,32,23,9,7,3,3,0,2,698,58,56,29,11,1,100,93,316,181,612,9,7,13,15,4,44,5,5,5,4,1,11,4,0,13,0,0,0
2026-09-12,207,207,112,52,23,7,6,2,2,0,2,1,398,39,40,10,6,0,69,48,175,90,348,8,8,8,13,6,26,7,7,7,1,1,1,3,0,8,0,0,0
2026-09-13,190,190,110,39,21,10,8,0,0,1,0,1,349,35,33,7,4,1,45,48,166,99,304,7,6,9,9,1,20,1,1,1,3,2,6,4,1,9,0,0,0
2026-09-14,436,436,238,107,54,18,6,2,5,3,0,3,820,84,76,30,6,2,112,114,376,213,692,14,12,19,34,5,89,3,3,3,2,2,2,5,1,13,2,2,2
2026-09-15,553,553,321,126,65,23,9,4,0,1,2,2,977,104,92,23,9,4,109,128,441,264,746,44,35,62,38,6,108,6,6,6,10,7,17,13,2,37,1,1,1
2026-09-16,485,485,262,117,56,21,12,6,1,4,2,4,989,93,88,26,14,2,107,133,356,199,650,47,40,65,52,10,177,5,5,5,12,7,20,11,1,62,2,0,10
2026-09-17,505,505,298,119,42,18,16,5,4,2,1,0,897,96,89,15,5,2,99,128,380,228,656,49,42,61,46,10,124,5,5,5,18,12,31,7,1,20,0,0,0
2026-09-18,369,369,207,84,34,25,5,5,5,1,0,3,719,74,59,22,5,2,83,106,275,153,524,33,32,37,47,15,134,4,4,4,7,2,13,2,0,6,1,1,1
2026-09-19,216,216,116,56,26,7,5,3,2,0,0,1,410,43,41,12,3,1,54,56,166,91,310,17,13,24,22,8,54,1,1,1,5,2,9,5,1,12,0,0,0
2026-09-20,223,223,121,57,20,13,8,1,0,2,0,1,420,46,43,12,1,0,54,63,172,98,307,18,14,23,21,4,64,1,1,1,7,3,17,4,1,8,0,0,0
2026-09-21,530,530,307,117,52,25,9,8,2,3,3,4,1011,88,95,26,13,1,98,137,404,229,780,59,53,83,43,11,103,8,8,8,9,6,14,7,0,23,0,0,0
2026-09-22,489,489,274,124,46,21,12,4,3,1,1,3,899,96,82,21,10,6,93,127,369,219,659,41,35,47,54,10,140,1,1,1,15,9,24,8,0,25,1,0,3
2026-09-23,439,439,236,114,49,22,8,3,2,2,2,1,815,96,72,27,7,1,106,114,332,178,617,44,36,55,46,9,116,5,5,5,9,6,17,3,2,5,0,0,0
2026-09-24,456,456,259,117,39,17,12,2,2,2,1,5,843,96,72,21,8,0,86,124,331,192,584,48,37,73,56,15,148,8,8,8,9,6,17,4,1,13,0,0,0
2026-09-25,334,334,197,80,26,15,8,6,1,0,1,0,587,60,53,19,4,1,70,86,253,147,447,39,30,52,26,8,65,5,5,5,8,7,9,3,0,9,0,0,0
2026-09-26,199,199,96,56,22,10,7,4,1,0,2,1,419,47,35,18,2,1,52,61,147,70,309,15,12,18,26,7,66,2,2,2,6,5,9,3,0,15,0,0,0
2026-09-27,216,216,127,53,15,14,3,1,1,1,0,1,385,39,38,9,3,0,41,56,160,95,283,19,17,21,27,9,64,1,1,1,7,4,13,2,1,3,0,0,0
2026-09-28,610,610,368,128,58,27,10,9,4,0,2,4,1109,100,95,28,13,6,129,146,501,301,921,40,37,48,38,8,94,4,4,4,22,15,35,4,2,6,1,1,1
2026-09-29,498,498,308,113,33,25,8,3,1,2,2,3,905,69,85,22,11,3,91,112,351,212,627,54,44,65,41,13,96,33,33,33,9,5,15,10,1,69,0,0,0
2026-09-30,477,477,270,97,68,21,7,7,3,1,2,1,887,75,84,31,13,4,96,137,356,205,655,44,37,58,51,10,127,11,11,11,7,6,9,8,1,27,0,0,0
2026-10-01,454,454,271,104,41,19,15,2,0,1,1,0,782,78,77,15,10,3,98,103,346,207,587,49,43,61,47,15,113,4,4,4,6,2,10,1,0,4,1,0,3
2026-10-02,413,413,226,116,27,24,8,4,2,3,0,3,780,78,72,18,16,3,77,116,324,183,606,30,24,36,41,11,102,3,3,3,8,3,17,6,1,15,1,1,1
2026-10-03,208,208,115,55,16,12,3,3,3,1,0,0,383,44,38,9,1,1,52,50,157,86,288,21,17,25,21,7,56,3,3,3,3,2,4,3,0,7,0,0,0
2026-10-04,220,220,111,59,22,12,7,4,3,0,0,2,453,42,47,14,6,0,55,63,179,89,348,15,13,19,22,7,71,1,1,1,2,1,12,1,0,2,0,0,0
2026-10-05,431,431,240,99,40,23,9,8,2,1,5,4,871,87,70,23,5,6,86,121,308,176,584,51,42,73,46,9,158,4,4,4,13,9,25,9,0,27,0,0,0
2026-10-06,1314,1314,817,293,115,47,19,11,5,5,0,2,2201,250,192,39,8,8,224,305,979,612,1598,123,106,148,158,55,374,20,20,20,23,21,31,8,1,24,3,2,6
2026-10-07,1091,0,0,0,0,0,0,0,0,0,0,0,0,0,0,0,0,0,0,0,0,0,0,0,0,0,0,0,0,0,0,0,0,0,0,0,0,0,0,0,0
