Month,From,To,Conversations
2026-01,social-welfare,employment,47
2026-01,employment,social-welfare,45
2026-01,money-and-tax,social-welfare,33
2026-01,social-welfare,money-and-tax,33
2026-01,housing,social-welfare,25
2026-01,social-welfare,housing,21
2026-01,social-welfare,moving-country,18
2026-01,money-and-tax,housing,18
2026-01,housing,money-and-tax,15
2026-01,money-and-tax,employment,13
2026-01,social-welfare,travel-and-recreation,13
2026-01,social-welfare,health,12
2026-01,moving-country,returning-to-ireland,11
2026-01,returning-to-ireland,moving-country,11
2026-01,moving-country,social-welfare,11
2026-01,social-welfare,returning-to-ireland,10
2026-01,social-welfare,birth-family-relationships,10
2026-01,travel-and-recreation,social-welfare,10
2026-01,social-welfare,about,10
2026-01,moving-country,money-and-tax,9
2026-01,social-welfare,education,8
2026-01,health,money-and-tax,8
2026-01,employment,money-and-tax,8
2026-01,moving-country,travel-and-recreation,8
2026-01,returning-to-ireland,social-welfare,8
2026-01,social-welfare,justice,8
2026-01,justice,social-welfare,8
2026-01,travel-and-recreation,moving-country,7
2026-01,birth-family-relationships,social-welfare,7
2026-01,money-and-tax,health,7
2026-01,employment,moving-country,6
2026-01,health,social-welfare,6
2026-01,about,social-welfare,6
2026-01,education,social-welfare,6
2026-01,employment,justice,6
2026-01,health,housing,5
2026-01,birth-family-relationships,justice,5
2026-01,justice,birth-family-relationships,5
2026-01,death,social-welfare,5
2026-01,justice,employment,4
2026-01,moving-country,government-in-ireland,4
2026-01,social-welfare,government-in-ireland,4
2026-01,birth-family-relationships,housing,4
2026-01,housing,birth-family-relationships,4
2026-01,housing,employment,4
2026-01,employment,housing,4
2026-01,travel-and-recreation,money-and-tax,4
2026-01,birth-family-relationships,returning-to-ireland,4
2026-01,health,moving-country,3
2026-01,employment,returning-to-ireland,3
2026-01,returning-to-ireland,employment,3
2026-01,money-and-tax,moving-country,3
2026-01,housing,environment,3
2026-01,education,health,3
2026-01,health,travel-and-recreation,3
2026-01,environment,housing,3
2026-01,consumer,money-and-tax,3
2026-01,returning-to-ireland,birth-family-relationships,3
2026-01,moving-country,birth-family-relationships,3
2026-01,money-and-tax,travel-and-recreation,3
2026-01,returning-to-ireland,money-and-tax,3
2026-01,housing,travel-and-recreation,3
2026-01,travel-and-recreation,birth-family-relationships,3
2026-01,health,birth-family-relationships,3
2026-01,birth-family-relationships,moving-country,3
2026-01,birth-family-relationships,employment,3
2026-01,housing,justice,3
2026-01,money-and-tax,consumer,3
2026-01,moving-country,housing,3
2026-01,money-and-tax,about,3
2026-01,death,money-and-tax,3
2026-01,government-in-ireland,moving-country,3
2026-01,money-and-tax,education,3
2026-01,social-welfare,death,3
2026-01,birth-family-relationships,travel-and-recreation,2
2026-01,moving-country,education,2
2026-01,environment,social-welfare,2
2026-01,health,returning-to-ireland,2
2026-01,employment,consumer,2
2026-01,travel-and-recreation,returning-to-ireland,2
2026-01,birth-family-relationships,health,2
2026-01,money-and-tax,government-in-ireland,2
2026-01,social-welfare,environment,2
2026-01,education,returning-to-ireland,2
2026-01,returning-to-ireland,education,2
2026-01,health,employment,2
2026-01,employment,birth-family-relationships,2
2026-01,housing,moving-country,2
2026-01,consumer,social-welfare,2
2026-01,returning-to-ireland,travel-and-recreation,2
2026-01,government-in-ireland,travel-and-recreation,2
2026-01,death,housing,2
2026-01,consumer,moving-country,2
2026-01,returning-to-ireland,health,2
2026-01,money-and-tax,birth-family-relationships,2
2026-01,employment,health,2
2026-01,education,government-in-ireland,1
2026-01,government-in-ireland,employment,1
2026-01,money-and-tax,death,1
2026-01,housing,returning-to-ireland,1
2026-01,consumer,government-in-ireland,1
2026-01,housing,consumer,1
2026-01,employment,education,1
2026-01,travel-and-recreation,health,1
2026-01,moving-country,employment,1
2026-01,death,health,1
2026-01,consumer,death,1
2026-01,birth-family-relationships,education,1
2026-01,education,housing,1
2026-01,consumer,about,1
2026-01,consumer,travel-and-recreation,1
2026-01,justice,government-in-ireland,1
2026-01,birth-family-relationships,death,1
2026-01,travel-and-recreation,justice,1
2026-01,justice,returning-to-ireland,1
2026-01,justice,housing,1
2026-01,moving-country,health,1
2026-01,about,money-and-tax,1
2026-01,social-welfare,consumer,1
2026-01,about,moving-country,1
2026-01,environment,education,1
2026-01,education,employment,1
2026-01,housing,death,1
2026-01,returning-to-ireland,housing,1
2026-01,education,money-and-tax,1
2026-01,housing,education,1
2026-01,birth-family-relationships,money-and-tax,1
2026-01,justice,travel-and-recreation,1
2026-01,money-and-tax,returning-to-ireland,1
2026-01,health,justice,1
2026-01,moving-country,consumer,1
2026-01,environment,employment,1
2026-01,government-in-ireland,returning-to-ireland,1
2026-01,employment,government-in-ireland,1
2026-01,government-in-ireland,consumer,1
2026-01,moving-country,justice,1
2026-01,education,death,1
2026-01,employment,about,1
2026-01,travel-and-recreation,employment,1
2026-01,travel-and-recreation,about,1
2026-01,about,justice,1
2026-01,government-in-ireland,social-welfare,1
2026-01,housing,health,1
2026-01,about,employment,1
2026-01,justice,moving-country,1
2026-02,social-welfare,money-and-tax,35
2026-02,employment,social-welfare,31
2026-02,money-and-tax,social-welfare,28
2026-02,social-welfare,housing,21
2026-02,social-welfare,returning-to-ireland,19
2026-02,social-welfare,employment,19
2026-02,housing,social-welfare,19
2026-02,health,social-welfare,18
2026-02,social-welfare,health,18
2026-02,social-welfare,birth-family-relationships,11
2026-02,money-and-tax,housing,11
2026-02,returning-to-ireland,moving-country,10
2026-02,education,social-welfare,10
2026-02,travel-and-recreation,social-welfare,10
2026-02,moving-country,travel-and-recreation,10
2026-02,social-welfare,moving-country,10
2026-02,birth-family-relationships,social-welfare,10
2026-02,moving-country,social-welfare,9
2026-02,social-welfare,travel-and-recreation,9
2026-02,returning-to-ireland,social-welfare,9
2026-02,moving-country,returning-to-ireland,8
2026-02,returning-to-ireland,money-and-tax,7
2026-02,moving-country,housing,6
2026-02,money-and-tax,employment,6
2026-02,employment,money-and-tax,6
2026-02,social-welfare,death,6
2026-02,health,returning-to-ireland,6
2026-02,money-and-tax,returning-to-ireland,6
2026-02,employment,returning-to-ireland,5
2026-02,returning-to-ireland,employment,5
2026-02,employment,travel-and-recreation,5
2026-02,money-and-tax,travel-and-recreation,5
2026-02,money-and-tax,moving-country,5
2026-02,housing,employment,5
2026-02,social-welfare,education,5
2026-02,moving-country,employment,5
2026-02,birth-family-relationships,housing,5
2026-02,money-and-tax,health,5
2026-02,travel-and-recreation,money-and-tax,4
2026-02,employment,justice,4
2026-02,birth-family-relationships,money-and-tax,4
2026-02,health,housing,4
2026-02,justice,employment,4
2026-02,housing,money-and-tax,4
2026-02,government-in-ireland,moving-country,4
2026-02,social-welfare,consumer,4
2026-02,birth-family-relationships,travel-and-recreation,3
2026-02,travel-and-recreation,health,3
2026-02,education,employment,3
2026-02,travel-and-recreation,housing,3
2026-02,social-welfare,about,3
2026-02,health,money-and-tax,3
2026-02,housing,moving-country,3
2026-02,travel-and-recreation,about,3
2026-02,housing,health,3
2026-02,travel-and-recreation,moving-country,3
2026-02,moving-country,education,3
2026-02,consumer,social-welfare,3
2026-02,birth-family-relationships,moving-country,3
2026-02,money-and-tax,birth-family-relationships,3
2026-02,moving-country,money-and-tax,3
2026-02,moving-country,environment,2
2026-02,justice,moving-country,2
2026-02,justice,education,2
2026-02,returning-to-ireland,travel-and-recreation,2
2026-02,employment,education,2
2026-02,environment,social-welfare,2
2026-02,birth-family-relationships,justice,2
2026-02,moving-country,birth-family-relationships,2
2026-02,education,moving-country,2
2026-02,health,government-in-ireland,2
2026-02,government-in-ireland,health,2
2026-02,housing,consumer,2
2026-02,about,consumer,2
2026-02,education,birth-family-relationships,2
2026-02,health,birth-family-relationships,2
2026-02,moving-country,health,2
2026-02,housing,birth-family-relationships,2
2026-02,health,justice,2
2026-02,health,death,2
2026-02,birth-family-relationships,employment,2
2026-02,justice,housing,2
2026-02,health,employment,2
2026-02,employment,moving-country,2
2026-02,death,moving-country,2
2026-02,money-and-tax,consumer,2
2026-02,consumer,travel-and-recreation,2
2026-02,death,money-and-tax,2
2026-02,environment,housing,2
2026-02,travel-and-recreation,employment,2
2026-02,returning-to-ireland,education,2
2026-02,death,justice,1
2026-02,about,social-welfare,1
2026-02,employment,about,1
2026-02,moving-country,government-in-ireland,1
2026-02,justice,health,1
2026-02,about,travel-and-recreation,1
2026-02,social-welfare,justice,1
2026-02,education,housing,1
2026-02,employment,death,1
2026-02,consumer,birth-family-relationships,1
2026-02,returning-to-ireland,housing,1
2026-02,birth-family-relationships,health,1
2026-02,returning-to-ireland,birth-family-relationships,1
2026-02,returning-to-ireland,government-in-ireland,1
2026-02,consumer,about,1
2026-02,death,housing,1
2026-02,moving-country,death,1
2026-02,consumer,government-in-ireland,1
2026-02,government-in-ireland,money-and-tax,1
2026-02,birth-family-relationships,returning-to-ireland,1
2026-02,death,education,1
2026-02,money-and-tax,education,1
2026-02,government-in-ireland,housing,1
2026-02,education,consumer,1
2026-02,birth-family-relationships,education,1
2026-02,travel-and-recreation,justice,1
2026-02,justice,birth-family-relationships,1
2026-02,travel-and-recreation,government-in-ireland,1
2026-02,travel-and-recreation,returning-to-ireland,1
2026-02,employment,health,1
2026-02,returning-to-ireland,health,1
2026-02,health,moving-country,1
2026-02,employment,housing,1
2026-02,consumer,money-and-tax,1
2026-02,money-and-tax,government-in-ireland,1
2026-02,housing,travel-and-recreation,1
2026-02,justice,social-welfare,1
2026-02,death,health,1
2026-02,social-welfare,environment,1
2026-02,justice,about,1
2026-02,health,travel-and-recreation,1
2026-02,housing,justice,1
2026-02,justice,money-and-tax,1
2026-02,moving-country,about,1
2026-02,employment,birth-family-relationships,1
2026-03,money-and-tax,social-welfare,48
2026-03,employment,social-welfare,43
2026-03,social-welfare,employment,39
2026-03,social-welfare,money-and-tax,29
2026-03,social-welfare,housing,20
2026-03,health,social-welfare,20
2026-03,housing,social-welfare,17
2026-03,housing,money-and-tax,13
2026-03,social-welfare,health,12
2026-03,social-welfare,birth-family-relationships,12
2026-03,education,social-welfare,12
2026-03,money-and-tax,employment,12
2026-03,social-welfare,education,10
2026-03,returning-to-ireland,social-welfare,10
2026-03,money-and-tax,housing,9
2026-03,travel-and-recreation,moving-country,9
2026-03,employment,money-and-tax,9
2026-03,social-welfare,moving-country,9
2026-03,social-welfare,travel-and-recreation,8
2026-03,returning-to-ireland,moving-country,8
2026-03,social-welfare,returning-to-ireland,7
2026-03,birth-family-relationships,social-welfare,6
2026-03,moving-country,birth-family-relationships,6
2026-03,returning-to-ireland,money-and-tax,6
2026-03,travel-and-recreation,social-welfare,5
2026-03,consumer,social-welfare,5
2026-03,moving-country,travel-and-recreation,5
2026-03,birth-family-relationships,moving-country,5
2026-03,moving-country,housing,5
2026-03,employment,returning-to-ireland,5
2026-03,travel-and-recreation,about,4
2026-03,employment,housing,4
2026-03,justice,social-welfare,4
2026-03,moving-country,social-welfare,4
2026-03,death,health,4
2026-03,social-welfare,death,4
2026-03,consumer,employment,4
2026-03,birth-family-relationships,employment,4
2026-03,returning-to-ireland,employment,4
2026-03,housing,moving-country,4
2026-03,travel-and-recreation,returning-to-ireland,4
2026-03,money-and-tax,returning-to-ireland,4
2026-03,moving-country,returning-to-ireland,4
2026-03,travel-and-recreation,health,4
2026-03,about,travel-and-recreation,3
2026-03,returning-to-ireland,housing,3
2026-03,travel-and-recreation,employment,3
2026-03,justice,housing,3
2026-03,travel-and-recreation,birth-family-relationships,3
2026-03,birth-family-relationships,travel-and-recreation,3
2026-03,about,social-welfare,3
2026-03,social-welfare,justice,3
2026-03,money-and-tax,about,3
2026-03,housing,environment,3
2026-03,money-and-tax,travel-and-recreation,3
2026-03,money-and-tax,consumer,3
2026-03,consumer,returning-to-ireland,3
2026-03,consumer,justice,3
2026-03,about,money-and-tax,3
2026-03,social-welfare,about,3
2026-03,health,travel-and-recreation,3
2026-03,employment,health,3
2026-03,housing,justice,2
2026-03,money-and-tax,government-in-ireland,2
2026-03,money-and-tax,moving-country,2
2026-03,housing,education,2
2026-03,moving-country,justice,2
2026-03,social-welfare,consumer,2
2026-03,health,death,2
2026-03,employment,birth-family-relationships,2
2026-03,environment,social-welfare,2
2026-03,justice,consumer,2
2026-03,returning-to-ireland,health,2
2026-03,employment,consumer,2
2026-03,consumer,money-and-tax,2
2026-03,birth-family-relationships,justice,2
2026-03,education,birth-family-relationships,2
2026-03,social-welfare,environment,2
2026-03,moving-country,employment,2
2026-03,birth-family-relationships,housing,2
2026-03,health,money-and-tax,2
2026-03,social-welfare,government-in-ireland,2
2026-03,government-in-ireland,social-welfare,2
2026-03,housing,returning-to-ireland,1
2026-03,housing,death,1
2026-03,death,consumer,1
2026-03,money-and-tax,health,1
2026-03,health,housing,1
2026-03,education,employment,1
2026-03,consumer,travel-and-recreation,1
2026-03,death,social-welfare,1
2026-03,death,money-and-tax,1
2026-03,birth-family-relationships,money-and-tax,1
2026-03,education,travel-and-recreation,1
2026-03,housing,birth-family-relationships,1
2026-03,employment,government-in-ireland,1
2026-03,about,employment,1
2026-03,employment,about,1
2026-03,education,money-and-tax,1
2026-03,employment,moving-country,1
2026-03,moving-country,consumer,1
2026-03,consumer,housing,1
2026-03,health,employment,1
2026-03,consumer,moving-country,1
2026-03,moving-country,education,1
2026-03,environment,money-and-tax,1
2026-03,death,housing,1
2026-03,returning-to-ireland,education,1
2026-03,about,education,1
2026-03,travel-and-recreation,money-and-tax,1
2026-03,money-and-tax,education,1
2026-03,education,health,1
2026-03,death,moving-country,1
2026-03,death,justice,1
2026-03,health,about,1
2026-03,about,health,1
2026-03,employment,justice,1
2026-03,money-and-tax,justice,1
2026-03,health,government-in-ireland,1
2026-03,returning-to-ireland,consumer,1
2026-03,birth-family-relationships,death,1
2026-03,birth-family-relationships,education,1
2026-03,education,moving-country,1
2026-03,justice,moving-country,1
2026-03,birth-family-relationships,returning-to-ireland,1
2026-03,government-in-ireland,birth-family-relationships,1
2026-03,birth-family-relationships,government-in-ireland,1
2026-03,moving-country,money-and-tax,1
2026-03,health,returning-to-ireland,1
2026-03,health,birth-family-relationships,1
2026-03,returning-to-ireland,death,1
2026-03,environment,government-in-ireland,1
2026-03,health,education,1
2026-03,education,housing,1
2026-03,government-in-ireland,justice,1
2026-03,government-in-ireland,education,1
2026-03,death,birth-family-relationships,1
2026-03,housing,employment,1
2026-03,education,consumer,1
2026-03,health,moving-country,1
2026-03,employment,education,1
2026-03,environment,housing,1
2026-03,environment,consumer,1
2026-03,government-in-ireland,travel-and-recreation,1
2026-03,death,returning-to-ireland,1
2026-03,travel-and-recreation,justice,1
2026-03,returning-to-ireland,travel-and-recreation,1
2026-04,money-and-tax,social-welfare,60
2026-04,employment,social-welfare,45
2026-04,social-welfare,money-and-tax,43
2026-04,social-welfare,employment,32
2026-04,social-welfare,returning-to-ireland,22
2026-04,social-welfare,moving-country,19
2026-04,education,social-welfare,18
2026-04,social-welfare,health,17
2026-04,returning-to-ireland,social-welfare,16
2026-04,employment,money-and-tax,14
2026-04,social-welfare,education,13
2026-04,social-welfare,housing,13
2026-04,housing,social-welfare,12
2026-04,health,social-welfare,11
2026-04,social-welfare,travel-and-recreation,9
2026-04,social-welfare,birth-family-relationships,9
2026-04,money-and-tax,employment,9
2026-04,moving-country,social-welfare,9
2026-04,travel-and-recreation,money-and-tax,9
2026-04,moving-country,travel-and-recreation,9
2026-04,money-and-tax,housing,8
2026-04,moving-country,returning-to-ireland,8
2026-04,travel-and-recreation,moving-country,8
2026-04,housing,money-and-tax,8
2026-04,birth-family-relationships,social-welfare,7
2026-04,money-and-tax,travel-and-recreation,6
2026-04,birth-family-relationships,travel-and-recreation,5
2026-04,employment,birth-family-relationships,5
2026-04,returning-to-ireland,money-and-tax,5
2026-04,education,money-and-tax,5
2026-04,moving-country,employment,5
2026-04,birth-family-relationships,health,5
2026-04,travel-and-recreation,social-welfare,4
2026-04,returning-to-ireland,employment,4
2026-04,moving-country,education,4
2026-04,justice,birth-family-relationships,4
2026-04,health,housing,4
2026-04,moving-country,justice,4
2026-04,travel-and-recreation,justice,4
2026-04,moving-country,housing,4
2026-04,government-in-ireland,moving-country,4
2026-04,social-welfare,justice,4
2026-04,justice,moving-country,4
2026-04,birth-family-relationships,money-and-tax,4
2026-04,money-and-tax,consumer,4
2026-04,social-welfare,about,4
2026-04,birth-family-relationships,employment,3
2026-04,employment,health,3
2026-04,housing,returning-to-ireland,3
2026-04,returning-to-ireland,moving-country,3
2026-04,money-and-tax,returning-to-ireland,3
2026-04,social-welfare,environment,3
2026-04,birth-family-relationships,returning-to-ireland,3
2026-04,government-in-ireland,about,3
2026-04,moving-country,government-in-ireland,3
2026-04,justice,social-welfare,3
2026-04,money-and-tax,education,3
2026-04,employment,justice,3
2026-04,justice,employment,3
2026-04,moving-country,birth-family-relationships,3
2026-04,about,travel-and-recreation,3
2026-04,moving-country,money-and-tax,3
2026-04,travel-and-recreation,employment,3
2026-04,employment,consumer,3
2026-04,health,birth-family-relationships,3
2026-04,social-welfare,government-in-ireland,3
2026-04,travel-and-recreation,birth-family-relationships,2
2026-04,justice,housing,2
2026-04,housing,justice,2
2026-04,travel-and-recreation,returning-to-ireland,2
2026-04,death,social-welfare,2
2026-04,housing,consumer,2
2026-04,government-in-ireland,travel-and-recreation,2
2026-04,money-and-tax,justice,2
2026-04,housing,health,2
2026-04,money-and-tax,health,2
2026-04,about,social-welfare,2
2026-04,education,returning-to-ireland,2
2026-04,employment,travel-and-recreation,2
2026-04,justice,travel-and-recreation,2
2026-04,housing,employment,2
2026-04,returning-to-ireland,housing,2
2026-04,about,moving-country,2
2026-04,travel-and-recreation,about,2
2026-04,education,health,2
2026-04,education,travel-and-recreation,2
2026-04,social-welfare,consumer,2
2026-04,health,money-and-tax,2
2026-04,returning-to-ireland,about,2
2026-04,consumer,money-and-tax,2
2026-04,environment,social-welfare,2
2026-04,consumer,housing,2
2026-04,housing,death,1
2026-04,death,housing,1
2026-04,birth-family-relationships,justice,1
2026-04,consumer,about,1
2026-04,death,employment,1
2026-04,environment,employment,1
2026-04,about,government-in-ireland,1
2026-04,employment,housing,1
2026-04,education,moving-country,1
2026-04,housing,government-in-ireland,1
2026-04,travel-and-recreation,environment,1
2026-04,housing,travel-and-recreation,1
2026-04,travel-and-recreation,housing,1
2026-04,health,justice,1
2026-04,justice,government-in-ireland,1
2026-04,justice,education,1
2026-04,death,government-in-ireland,1
2026-04,moving-country,about,1
2026-04,money-and-tax,moving-country,1
2026-04,money-and-tax,birth-family-relationships,1
2026-04,travel-and-recreation,education,1
2026-04,consumer,health,1
2026-04,returning-to-ireland,education,1
2026-04,death,health,1
2026-04,consumer,birth-family-relationships,1
2026-04,education,about,1
2026-04,health,education,1
2026-04,about,returning-to-ireland,1
2026-04,employment,about,1
2026-04,returning-to-ireland,consumer,1
2026-04,housing,environment,1
2026-04,moving-country,health,1
2026-04,health,returning-to-ireland,1
2026-04,government-in-ireland,housing,1
2026-04,returning-to-ireland,travel-and-recreation,1
2026-04,about,health,1
2026-04,government-in-ireland,social-welfare,1
2026-04,travel-and-recreation,government-in-ireland,1
2026-04,consumer,social-welfare,1
2026-04,money-and-tax,about,1
2026-04,consumer,returning-to-ireland,1
2026-04,consumer,employment,1
2026-04,education,environment,1
2026-04,justice,money-and-tax,1
2026-04,social-welfare,death,1
2026-04,health,death,1
2026-04,education,employment,1
2026-04,travel-and-recreation,consumer,1
2026-04,consumer,moving-country,1
2026-04,justice,about,1
2026-04,returning-to-ireland,government-in-ireland,1
2026-04,employment,education,1
2026-05,employment,social-welfare,124
2026-05,social-welfare,employment,92
2026-05,money-and-tax,social-welfare,79
2026-05,social-welfare,money-and-tax,65
2026-05,health,social-welfare,41
2026-05,returning-to-ireland,social-welfare,40
2026-05,travel-and-recreation,moving-country,39
2026-05,social-welfare,health,38
2026-05,social-welfare,returning-to-ireland,35
2026-05,moving-country,travel-and-recreation,31
2026-05,social-welfare,birth-family-relationships,29
2026-05,moving-country,returning-to-ireland,29
2026-05,social-welfare,housing,26
2026-05,travel-and-recreation,social-welfare,25
2026-05,housing,social-welfare,25
2026-05,birth-family-relationships,social-welfare,25
2026-05,returning-to-ireland,moving-country,24
2026-05,social-welfare,travel-and-recreation,24
2026-05,employment,money-and-tax,24
2026-05,money-and-tax,housing,23
2026-05,social-welfare,education,20
2026-05,social-welfare,moving-country,17
2026-05,housing,money-and-tax,16
2026-05,money-and-tax,employment,16
2026-05,education,social-welfare,14
2026-05,moving-country,social-welfare,13
2026-05,justice,birth-family-relationships,12
2026-05,birth-family-relationships,justice,11
2026-05,about,social-welfare,11
2026-05,travel-and-recreation,justice,11
2026-05,money-and-tax,returning-to-ireland,11
2026-05,travel-and-recreation,birth-family-relationships,10
2026-05,birth-family-relationships,travel-and-recreation,10
2026-05,travel-and-recreation,health,10
2026-05,returning-to-ireland,health,10
2026-05,returning-to-ireland,employment,9
2026-05,birth-family-relationships,employment,9
2026-05,returning-to-ireland,travel-and-recreation,9
2026-05,returning-to-ireland,education,9
2026-05,justice,travel-and-recreation,9
2026-05,justice,employment,8
2026-05,health,travel-and-recreation,8
2026-05,employment,moving-country,8
2026-05,birth-family-relationships,housing,8
2026-05,birth-family-relationships,money-and-tax,8
2026-05,returning-to-ireland,money-and-tax,8
2026-05,employment,justice,7
2026-05,housing,justice,7
2026-05,justice,housing,7
2026-05,health,money-and-tax,7
2026-05,employment,birth-family-relationships,7
2026-05,social-welfare,about,7
2026-05,moving-country,birth-family-relationships,6
2026-05,death,social-welfare,6
2026-05,returning-to-ireland,housing,6
2026-05,health,death,6
2026-05,employment,health,6
2026-05,health,birth-family-relationships,6
2026-05,travel-and-recreation,money-and-tax,6
2026-05,birth-family-relationships,moving-country,6
2026-05,birth-family-relationships,health,5
2026-05,moving-country,employment,5
2026-05,justice,moving-country,5
2026-05,justice,health,5
2026-05,justice,social-welfare,5
2026-05,travel-and-recreation,returning-to-ireland,5
2026-05,housing,health,5
2026-05,housing,consumer,5
2026-05,social-welfare,consumer,5
2026-05,employment,consumer,5
2026-05,housing,returning-to-ireland,5
2026-05,returning-to-ireland,birth-family-relationships,5
2026-05,environment,justice,4
2026-05,employment,returning-to-ireland,4
2026-05,death,health,4
2026-05,money-and-tax,justice,4
2026-05,education,money-and-tax,4
2026-05,travel-and-recreation,about,4
2026-05,consumer,social-welfare,4
2026-05,environment,housing,4
2026-05,money-and-tax,health,4
2026-05,money-and-tax,education,4
2026-05,moving-country,government-in-ireland,4
2026-05,environment,social-welfare,4
2026-05,justice,environment,4
2026-05,birth-family-relationships,returning-to-ireland,4
2026-05,education,returning-to-ireland,4
2026-05,money-and-tax,travel-and-recreation,4
2026-05,consumer,justice,4
2026-05,health,employment,3
2026-05,birth-family-relationships,education,3
2026-05,employment,education,3
2026-05,social-welfare,environment,3
2026-05,money-and-tax,birth-family-relationships,3
2026-05,money-and-tax,environment,3
2026-05,consumer,housing,3
2026-05,travel-and-recreation,consumer,3
2026-05,travel-and-recreation,employment,3
2026-05,death,housing,3
2026-05,moving-country,education,3
2026-05,health,housing,3
2026-05,education,health,3
2026-05,social-welfare,government-in-ireland,3
2026-05,government-in-ireland,social-welfare,3
2026-05,money-and-tax,moving-country,3
2026-05,education,moving-country,3
2026-05,birth-family-relationships,death,3
2026-05,government-in-ireland,justice,3
2026-05,government-in-ireland,returning-to-ireland,3
2026-05,housing,birth-family-relationships,3
2026-05,health,justice,3
2026-05,moving-country,about,3
2026-05,employment,travel-and-recreation,2
2026-05,social-welfare,justice,2
2026-05,about,health,2
2026-05,education,birth-family-relationships,2
2026-05,justice,about,2
2026-05,death,justice,2
2026-05,employment,housing,2
2026-05,health,returning-to-ireland,2
2026-05,health,about,2
2026-05,travel-and-recreation,housing,2
2026-05,housing,environment,2
2026-05,government-in-ireland,moving-country,2
2026-05,social-welfare,death,2
2026-05,housing,about,2
2026-05,education,housing,2
2026-05,government-in-ireland,travel-and-recreation,2
2026-05,consumer,travel-and-recreation,2
2026-05,death,birth-family-relationships,2
2026-05,about,employment,2
2026-05,moving-country,justice,2
2026-05,about,moving-country,2
2026-05,health,consumer,2
2026-05,returning-to-ireland,about,2
2026-05,money-and-tax,about,2
2026-05,environment,birth-family-relationships,1
2026-05,about,birth-family-relationships,1
2026-05,housing,education,1
2026-05,consumer,about,1
2026-05,government-in-ireland,money-and-tax,1
2026-05,education,justice,1
2026-05,birth-family-relationships,about,1
2026-05,about,travel-and-recreation,1
2026-05,environment,employment,1
2026-05,environment,government-in-ireland,1
2026-05,death,employment,1
2026-05,consumer,money-and-tax,1
2026-05,about,housing,1
2026-05,about,money-and-tax,1
2026-05,consumer,environment,1
2026-05,education,travel-and-recreation,1
2026-05,money-and-tax,death,1
2026-05,justice,returning-to-ireland,1
2026-05,health,education,1
2026-05,housing,death,1
2026-05,moving-country,health,1
2026-05,moving-country,money-and-tax,1
2026-05,justice,government-in-ireland,1
2026-05,justice,death,1
2026-05,money-and-tax,government-in-ireland,1
2026-05,about,government-in-ireland,1
2026-05,travel-and-recreation,environment,1
2026-05,environment,travel-and-recreation,1
2026-05,consumer,employment,1
2026-05,moving-country,housing,1
2026-05,government-in-ireland,birth-family-relationships,1
2026-05,travel-and-recreation,government-in-ireland,1
2026-05,money-and-tax,consumer,1
2026-05,government-in-ireland,about,1
2026-05,birth-family-relationships,consumer,1
2026-05,returning-to-ireland,government-in-ireland,1
2026-05,housing,moving-country,1
2026-05,justice,money-and-tax,1
2026-05,employment,about,1
2026-05,about,education,1
2026-05,consumer,returning-to-ireland,1
2026-05,government-in-ireland,housing,1
2026-06,money-and-tax,social-welfare,168
2026-06,social-welfare,money-and-tax,132
2026-06,employment,social-welfare,123
2026-06,social-welfare,employment,87
2026-06,travel-and-recreation,moving-country,68
2026-06,returning-to-ireland,social-welfare,68
2026-06,returning-to-ireland,moving-country,61
2026-06,social-welfare,health,54
2026-06,social-welfare,returning-to-ireland,51
2026-06,moving-country,returning-to-ireland,47
2026-06,social-welfare,travel-and-recreation,45
2026-06,moving-country,travel-and-recreation,44
2026-06,education,social-welfare,43
2026-06,health,social-welfare,43
2026-06,housing,social-welfare,41
2026-06,housing,money-and-tax,40
2026-06,money-and-tax,housing,39
2026-06,social-welfare,housing,38
2026-06,travel-and-recreation,social-welfare,37
2026-06,birth-family-relationships,social-welfare,37
2026-06,social-welfare,education,36
2026-06,social-welfare,birth-family-relationships,36
2026-06,money-and-tax,employment,34
2026-06,moving-country,social-welfare,29
2026-06,employment,money-and-tax,29
2026-06,social-welfare,moving-country,28
2026-06,birth-family-relationships,travel-and-recreation,25
2026-06,returning-to-ireland,housing,24
2026-06,travel-and-recreation,returning-to-ireland,16
2026-06,travel-and-recreation,birth-family-relationships,16
2026-06,returning-to-ireland,travel-and-recreation,15
2026-06,returning-to-ireland,health,14
2026-06,travel-and-recreation,health,14
2026-06,housing,returning-to-ireland,14
2026-06,returning-to-ireland,money-and-tax,14
2026-06,social-welfare,about,13
2026-06,money-and-tax,travel-and-recreation,13
2026-06,money-and-tax,returning-to-ireland,13
2026-06,birth-family-relationships,justice,13
2026-06,moving-country,birth-family-relationships,13
2026-06,birth-family-relationships,moving-country,13
2026-06,moving-country,employment,12
2026-06,employment,moving-country,12
2026-06,housing,consumer,12
2026-06,health,justice,12
2026-06,money-and-tax,birth-family-relationships,12
2026-06,employment,returning-to-ireland,11
2026-06,birth-family-relationships,employment,11
2026-06,health,travel-and-recreation,11
2026-06,moving-country,housing,11
2026-06,consumer,housing,11
2026-06,health,housing,10
2026-06,justice,housing,10
2026-06,employment,housing,10
2026-06,travel-and-recreation,justice,10
2026-06,health,returning-to-ireland,10
2026-06,returning-to-ireland,employment,10
2026-06,justice,health,10
2026-06,birth-family-relationships,housing,10
2026-06,employment,birth-family-relationships,10
2026-06,health,death,10
2026-06,housing,justice,9
2026-06,justice,travel-and-recreation,9
2026-06,social-welfare,justice,9
2026-06,justice,birth-family-relationships,9
2026-06,travel-and-recreation,money-and-tax,8
2026-06,housing,health,8
2026-06,justice,moving-country,8
2026-06,money-and-tax,moving-country,8
2026-06,social-welfare,death,8
2026-06,money-and-tax,health,8
2026-06,travel-and-recreation,housing,8
2026-06,consumer,social-welfare,7
2026-06,moving-country,justice,7
2026-06,environment,money-and-tax,7
2026-06,moving-country,government-in-ireland,7
2026-06,health,birth-family-relationships,7
2026-06,death,health,7
2026-06,consumer,justice,7
2026-06,social-welfare,government-in-ireland,6
2026-06,about,social-welfare,6
2026-06,housing,employment,6
2026-06,justice,social-welfare,6
2026-06,housing,travel-and-recreation,6
2026-06,returning-to-ireland,education,6
2026-06,money-and-tax,education,6
2026-06,justice,employment,6
2026-06,consumer,travel-and-recreation,6
2026-06,education,returning-to-ireland,6
2026-06,health,money-and-tax,6
2026-06,money-and-tax,about,5
2026-06,consumer,money-and-tax,5
2026-06,housing,birth-family-relationships,5
2026-06,justice,consumer,5
2026-06,housing,moving-country,5
2026-06,education,health,5
2026-06,government-in-ireland,moving-country,4
2026-06,health,employment,4
2026-06,employment,travel-and-recreation,4
2026-06,housing,about,4
2026-06,moving-country,about,4
2026-06,travel-and-recreation,consumer,4
2026-06,moving-country,money-and-tax,4
2026-06,money-and-tax,justice,4
2026-06,death,birth-family-relationships,4
2026-06,education,money-and-tax,4
2026-06,moving-country,education,4
2026-06,education,employment,4
2026-06,employment,about,4
2026-06,about,justice,4
2026-06,birth-family-relationships,health,4
2026-06,government-in-ireland,travel-and-recreation,4
2026-06,death,housing,4
2026-06,money-and-tax,death,3
2026-06,travel-and-recreation,education,3
2026-06,housing,death,3
2026-06,education,moving-country,3
2026-06,consumer,health,3
2026-06,government-in-ireland,returning-to-ireland,3
2026-06,travel-and-recreation,environment,3
2026-06,returning-to-ireland,birth-family-relationships,3
2026-06,about,birth-family-relationships,3
2026-06,health,about,3
2026-06,environment,housing,3
2026-06,employment,education,3
2026-06,birth-family-relationships,money-and-tax,3
2026-06,money-and-tax,consumer,3
2026-06,birth-family-relationships,death,3
2026-06,death,social-welfare,3
2026-06,travel-and-recreation,government-in-ireland,3
2026-06,returning-to-ireland,about,3
2026-06,housing,education,3
2026-06,environment,consumer,3
2026-06,social-welfare,consumer,3
2026-06,death,money-and-tax,3
2026-06,health,moving-country,3
2026-06,birth-family-relationships,returning-to-ireland,3
2026-06,about,travel-and-recreation,2
2026-06,travel-and-recreation,about,2
2026-06,birth-family-relationships,about,2
2026-06,social-welfare,environment,2
2026-06,justice,environment,2
2026-06,birth-family-relationships,education,2
2026-06,health,government-in-ireland,2
2026-06,government-in-ireland,health,2
2026-06,government-in-ireland,social-welfare,2
2026-06,about,employment,2
2026-06,returning-to-ireland,government-in-ireland,2
2026-06,about,moving-country,2
2026-06,justice,money-and-tax,2
2026-06,travel-and-recreation,employment,2
2026-06,government-in-ireland,justice,2
2026-06,consumer,about,2
2026-06,money-and-tax,environment,2
2026-06,health,education,2
2026-06,environment,employment,2
2026-06,government-in-ireland,employment,2
2026-06,education,housing,2
2026-06,justice,about,2
2026-06,justice,education,2
2026-06,about,housing,2
2026-06,death,employment,1
2026-06,consumer,employment,1
2026-06,consumer,government-in-ireland,1
2026-06,government-in-ireland,housing,1
2026-06,environment,social-welfare,1
2026-06,environment,justice,1
2026-06,consumer,moving-country,1
2026-06,moving-country,consumer,1
2026-06,education,environment,1
2026-06,education,birth-family-relationships,1
2026-06,employment,justice,1
2026-06,moving-country,health,1
2026-06,justice,death,1
2026-06,death,justice,1
2026-06,travel-and-recreation,death,1
2026-06,environment,government-in-ireland,1
2026-06,housing,government-in-ireland,1
2026-06,government-in-ireland,birth-family-relationships,1
2026-06,about,consumer,1
2026-06,employment,consumer,1
2026-06,consumer,birth-family-relationships,1
2026-06,consumer,returning-to-ireland,1
2026-06,returning-to-ireland,consumer,1
2026-06,consumer,environment,1
2026-06,environment,travel-and-recreation,1
2026-06,health,consumer,1
2026-06,environment,education,1
2026-06,employment,health,1
2026-06,housing,environment,1
2026-06,environment,birth-family-relationships,1
2026-06,environment,moving-country,1
2026-06,employment,environment,1
2026-06,government-in-ireland,about,1
2026-06,returning-to-ireland,justice,1
2026-06,death,returning-to-ireland,1
2026-06,education,about,1
2026-07,employment,social-welfare,85
2026-07,social-welfare,employment,76
2026-07,returning-to-ireland,social-welfare,73
2026-07,social-welfare,returning-to-ireland,59
2026-07,money-and-tax,social-welfare,57
2026-07,social-welfare,housing,52
2026-07,social-welfare,health,46
2026-07,health,social-welfare,45
2026-07,birth-family-relationships,social-welfare,42
2026-07,travel-and-recreation,moving-country,36
2026-07,moving-country,returning-to-ireland,33
2026-07,social-welfare,money-and-tax,33
2026-07,social-welfare,education,31
2026-07,housing,social-welfare,29
2026-07,returning-to-ireland,moving-country,28
2026-07,education,social-welfare,28
2026-07,social-welfare,birth-family-relationships,24
2026-07,social-welfare,moving-country,22
2026-07,travel-and-recreation,social-welfare,20
2026-07,social-welfare,travel-and-recreation,20
2026-07,moving-country,travel-and-recreation,19
2026-07,employment,money-and-tax,18
2026-07,money-and-tax,housing,17
2026-07,returning-to-ireland,housing,16
2026-07,travel-and-recreation,returning-to-ireland,15
2026-07,birth-family-relationships,travel-and-recreation,15
2026-07,money-and-tax,health,14
2026-07,returning-to-ireland,travel-and-recreation,14
2026-07,returning-to-ireland,health,13
2026-07,moving-country,social-welfare,12
2026-07,housing,returning-to-ireland,11
2026-07,consumer,social-welfare,11
2026-07,housing,birth-family-relationships,10
2026-07,social-welfare,about,10
2026-07,returning-to-ireland,birth-family-relationships,10
2026-07,birth-family-relationships,justice,10
2026-07,employment,returning-to-ireland,10
2026-07,death,birth-family-relationships,9
2026-07,travel-and-recreation,justice,9
2026-07,consumer,travel-and-recreation,9
2026-07,birth-family-relationships,housing,9
2026-07,consumer,justice,9
2026-07,returning-to-ireland,education,8
2026-07,birth-family-relationships,returning-to-ireland,8
2026-07,housing,money-and-tax,8
2026-07,travel-and-recreation,consumer,8
2026-07,justice,housing,8
2026-07,housing,moving-country,7
2026-07,money-and-tax,employment,7
2026-07,moving-country,birth-family-relationships,7
2026-07,birth-family-relationships,about,7
2026-07,employment,government-in-ireland,7
2026-07,government-in-ireland,moving-country,7
2026-07,moving-country,housing,7
2026-07,money-and-tax,birth-family-relationships,7
2026-07,justice,birth-family-relationships,7
2026-07,health,returning-to-ireland,7
2026-07,government-in-ireland,travel-and-recreation,7
2026-07,housing,justice,7
2026-07,birth-family-relationships,money-and-tax,7
2026-07,money-and-tax,travel-and-recreation,7
2026-07,returning-to-ireland,employment,6
2026-07,education,returning-to-ireland,6
2026-07,returning-to-ireland,government-in-ireland,6
2026-07,death,social-welfare,6
2026-07,housing,about,6
2026-07,health,travel-and-recreation,6
2026-07,health,housing,6
2026-07,education,employment,6
2026-07,travel-and-recreation,birth-family-relationships,6
2026-07,birth-family-relationships,health,6
2026-07,returning-to-ireland,money-and-tax,5
2026-07,education,moving-country,5
2026-07,social-welfare,consumer,5
2026-07,employment,health,5
2026-07,justice,government-in-ireland,5
2026-07,moving-country,government-in-ireland,5
2026-07,moving-country,about,5
2026-07,social-welfare,death,5
2026-07,death,health,5
2026-07,justice,consumer,5
2026-07,about,housing,5
2026-07,birth-family-relationships,death,5
2026-07,social-welfare,government-in-ireland,5
2026-07,housing,employment,5
2026-07,about,social-welfare,5
2026-07,justice,travel-and-recreation,5
2026-07,death,money-and-tax,5
2026-07,housing,consumer,5
2026-07,employment,consumer,4
2026-07,government-in-ireland,employment,4
2026-07,consumer,returning-to-ireland,4
2026-07,birth-family-relationships,education,4
2026-07,travel-and-recreation,housing,4
2026-07,consumer,environment,4
2026-07,justice,moving-country,4
2026-07,housing,health,4
2026-07,health,death,4
2026-07,returning-to-ireland,about,4
2026-07,housing,travel-and-recreation,4
2026-07,government-in-ireland,environment,4
2026-07,money-and-tax,death,4
2026-07,health,money-and-tax,4
2026-07,travel-and-recreation,health,4
2026-07,moving-country,justice,3
2026-07,employment,moving-country,3
2026-07,housing,environment,3
2026-07,returning-to-ireland,consumer,3
2026-07,government-in-ireland,housing,3
2026-07,employment,justice,3
2026-07,employment,education,3
2026-07,death,environment,3
2026-07,money-and-tax,about,3
2026-07,returning-to-ireland,environment,3
2026-07,education,housing,3
2026-07,environment,employment,3
2026-07,travel-and-recreation,death,3
2026-07,travel-and-recreation,education,3
2026-07,birth-family-relationships,employment,3
2026-07,moving-country,employment,3
2026-07,travel-and-recreation,about,3
2026-07,health,employment,3
2026-07,environment,housing,3
2026-07,justice,death,3
2026-07,employment,environment,3
2026-07,housing,education,3
2026-07,employment,about,3
2026-07,consumer,employment,3
2026-07,moving-country,consumer,3
2026-07,education,travel-and-recreation,3
2026-07,money-and-tax,moving-country,2
2026-07,housing,government-in-ireland,2
2026-07,about,birth-family-relationships,2
2026-07,moving-country,money-and-tax,2
2026-07,consumer,housing,2
2026-07,environment,travel-and-recreation,2
2026-07,death,housing,2
2026-07,moving-country,education,2
2026-07,social-welfare,justice,2
2026-07,money-and-tax,returning-to-ireland,2
2026-07,birth-family-relationships,government-in-ireland,2
2026-07,government-in-ireland,returning-to-ireland,2
2026-07,about,travel-and-recreation,2
2026-07,death,government-in-ireland,2
2026-07,travel-and-recreation,government-in-ireland,2
2026-07,birth-family-relationships,moving-country,2
2026-07,about,returning-to-ireland,2
2026-07,employment,birth-family-relationships,2
2026-07,government-in-ireland,justice,2
2026-07,money-and-tax,justice,2
2026-07,health,consumer,2
2026-07,government-in-ireland,health,2
2026-07,health,about,2
2026-07,environment,social-welfare,2
2026-07,employment,housing,2
2026-07,environment,returning-to-ireland,2
2026-07,justice,about,2
2026-07,environment,consumer,2
2026-07,justice,social-welfare,2
2026-07,health,justice,2
2026-07,travel-and-recreation,money-and-tax,2
2026-07,justice,environment,2
2026-07,about,education,1
2026-07,justice,returning-to-ireland,1
2026-07,consumer,government-in-ireland,1
2026-07,travel-and-recreation,environment,1
2026-07,environment,death,1
2026-07,death,justice,1
2026-07,health,birth-family-relationships,1
2026-07,moving-country,health,1
2026-07,health,government-in-ireland,1
2026-07,money-and-tax,consumer,1
2026-07,consumer,birth-family-relationships,1
2026-07,education,money-and-tax,1
2026-07,consumer,health,1
2026-07,housing,death,1
2026-07,employment,death,1
2026-07,money-and-tax,education,1
2026-07,education,consumer,1
2026-07,employment,travel-and-recreation,1
2026-07,money-and-tax,environment,1
2026-07,government-in-ireland,social-welfare,1
2026-07,about,money-and-tax,1
2026-07,education,birth-family-relationships,1
2026-07,returning-to-ireland,justice,1
2026-07,consumer,about,1
2026-07,consumer,education,1
2026-07,health,environment,1
2026-07,returning-to-ireland,my-situation,1
2026-07,my-situation,moving-country,1
2026-07,about,government-in-ireland,1
2026-07,about,health,1
2026-07,moving-country,death,1
2026-07,justice,money-and-tax,1
2026-07,money-and-tax,government-in-ireland,1
2026-07,environment,justice,1
2026-07,education,about,1
2026-07,environment,about,1
2026-07,about,consumer,1
2026-07,about,employment,1
2026-07,environment,birth-family-relationships,1
2026-07,environment,money-and-tax,1
2026-08,returning-to-ireland,social-welfare,76
2026-08,social-welfare,returning-to-ireland,69
2026-08,employment,social-welfare,66
2026-08,social-welfare,employment,57
2026-08,housing,social-welfare,47
2026-08,money-and-tax,social-welfare,46
2026-08,social-welfare,housing,45
2026-08,returning-to-ireland,moving-country,40
2026-08,social-welfare,education,39
2026-08,travel-and-recreation,moving-country,35
2026-08,education,social-welfare,34
2026-08,social-welfare,money-and-tax,33
2026-08,moving-country,returning-to-ireland,31
2026-08,birth-family-relationships,social-welfare,27
2026-08,social-welfare,health,26
2026-08,moving-country,travel-and-recreation,25
2026-08,health,social-welfare,24
2026-08,birth-family-relationships,housing,23
2026-08,housing,birth-family-relationships,19
2026-08,money-and-tax,employment,19
2026-08,social-welfare,moving-country,18
2026-08,social-welfare,travel-and-recreation,17
2026-08,returning-to-ireland,health,16
2026-08,health,birth-family-relationships,16
2026-08,travel-and-recreation,returning-to-ireland,15
2026-08,travel-and-recreation,social-welfare,15
2026-08,government-in-ireland,moving-country,15
2026-08,returning-to-ireland,travel-and-recreation,14
2026-08,returning-to-ireland,housing,14
2026-08,social-welfare,birth-family-relationships,14
2026-08,employment,money-and-tax,14
2026-08,consumer,social-welfare,13
2026-08,moving-country,government-in-ireland,13
2026-08,birth-family-relationships,death,13
2026-08,housing,returning-to-ireland,13
2026-08,birth-family-relationships,health,12
2026-08,consumer,travel-and-recreation,12
2026-08,health,returning-to-ireland,12
2026-08,moving-country,social-welfare,12
2026-08,travel-and-recreation,birth-family-relationships,11
2026-08,travel-and-recreation,government-in-ireland,11
2026-08,birth-family-relationships,employment,11
2026-08,government-in-ireland,travel-and-recreation,10
2026-08,birth-family-relationships,travel-and-recreation,10
2026-08,social-welfare,government-in-ireland,10
2026-08,birth-family-relationships,money-and-tax,9
2026-08,moving-country,education,9
2026-08,death,birth-family-relationships,9
2026-08,birth-family-relationships,justice,9
2026-08,travel-and-recreation,consumer,9
2026-08,social-welfare,death,9
2026-08,returning-to-ireland,employment,9
2026-08,birth-family-relationships,moving-country,8
2026-08,education,returning-to-ireland,8
2026-08,consumer,housing,8
2026-08,housing,health,8
2026-08,justice,birth-family-relationships,8
2026-08,government-in-ireland,social-welfare,8
2026-08,health,money-and-tax,8
2026-08,returning-to-ireland,money-and-tax,8
2026-08,housing,government-in-ireland,8
2026-08,employment,birth-family-relationships,8
2026-08,money-and-tax,health,7
2026-08,employment,returning-to-ireland,7
2026-08,housing,travel-and-recreation,7
2026-08,employment,education,7
2026-08,housing,environment,7
2026-08,money-and-tax,returning-to-ireland,7
2026-08,money-and-tax,housing,6
2026-08,health,housing,6
2026-08,social-welfare,consumer,6
2026-08,returning-to-ireland,education,6
2026-08,education,employment,6
2026-08,birth-family-relationships,returning-to-ireland,6
2026-08,justice,housing,6
2026-08,housing,money-and-tax,6
2026-08,environment,housing,6
2026-08,returning-to-ireland,birth-family-relationships,6
2026-08,health,education,5
2026-08,education,health,5
2026-08,housing,consumer,5
2026-08,travel-and-recreation,housing,5
2026-08,justice,consumer,5
2026-08,social-welfare,about,5
2026-08,government-in-ireland,employment,5
2026-08,travel-and-recreation,money-and-tax,5
2026-08,education,moving-country,5
2026-08,government-in-ireland,returning-to-ireland,5
2026-08,environment,justice,4
2026-08,health,travel-and-recreation,4
2026-08,money-and-tax,moving-country,4
2026-08,housing,death,4
2026-08,employment,justice,4
2026-08,returning-to-ireland,consumer,4
2026-08,moving-country,birth-family-relationships,4
2026-08,about,housing,4
2026-08,education,birth-family-relationships,4
2026-08,government-in-ireland,health,4
2026-08,money-and-tax,consumer,4
2026-08,about,social-welfare,4
2026-08,money-and-tax,travel-and-recreation,4
2026-08,housing,justice,4
2026-08,justice,travel-and-recreation,4
2026-08,death,money-and-tax,4
2026-08,social-welfare,justice,4
2026-08,travel-and-recreation,justice,4
2026-08,moving-country,health,3
2026-08,education,travel-and-recreation,3
2026-08,death,health,3
2026-08,justice,money-and-tax,3
2026-08,education,housing,3
2026-08,justice,employment,3
2026-08,housing,moving-country,3
2026-08,education,about,3
2026-08,education,money-and-tax,3
2026-08,birth-family-relationships,government-in-ireland,3
2026-08,birth-family-relationships,education,3
2026-08,death,social-welfare,3
2026-08,housing,employment,3
2026-08,employment,health,3
2026-08,government-in-ireland,housing,3
2026-08,health,consumer,3
2026-08,employment,government-in-ireland,3
2026-08,moving-country,justice,3
2026-08,employment,housing,3
2026-08,government-in-ireland,birth-family-relationships,3
2026-08,consumer,money-and-tax,3
2026-08,money-and-tax,education,3
2026-08,justice,government-in-ireland,3
2026-08,health,employment,3
2026-08,employment,travel-and-recreation,3
2026-08,returning-to-ireland,government-in-ireland,3
2026-08,moving-country,money-and-tax,3
2026-08,travel-and-recreation,health,3
2026-08,moving-country,employment,2
2026-08,death,housing,2
2026-08,money-and-tax,justice,2
2026-08,justice,death,2
2026-08,housing,about,2
2026-08,health,death,2
2026-08,education,government-in-ireland,2
2026-08,government-in-ireland,education,2
2026-08,health,government-in-ireland,2
2026-08,my-situation,returning-to-ireland,2
2026-08,consumer,employment,2
2026-08,birth-family-relationships,about,2
2026-08,returning-to-ireland,death,2
2026-08,moving-country,housing,2
2026-08,housing,education,2
2026-08,about,education,2
2026-08,money-and-tax,birth-family-relationships,2
2026-08,consumer,justice,2
2026-08,consumer,government-in-ireland,2
2026-08,about,consumer,2
2026-08,environment,government-in-ireland,2
2026-08,about,birth-family-relationships,2
2026-08,environment,consumer,2
2026-08,employment,consumer,2
2026-08,social-welfare,environment,2
2026-08,justice,moving-country,2
2026-08,justice,social-welfare,2
2026-08,employment,about,2
2026-08,employment,death,2
2026-08,government-in-ireland,environment,2
2026-08,employment,moving-country,2
2026-08,travel-and-recreation,about,1
2026-08,travel-and-recreation,education,1
2026-08,money-and-tax,environment,1
2026-08,environment,social-welfare,1
2026-08,consumer,moving-country,1
2026-08,about,travel-and-recreation,1
2026-08,environment,employment,1
2026-08,about,health,1
2026-08,death,justice,1
2026-08,education,justice,1
2026-08,birth-family-relationships,consumer,1
2026-08,environment,returning-to-ireland,1
2026-08,travel-and-recreation,death,1
2026-08,consumer,health,1
2026-08,justice,about,1
2026-08,death,travel-and-recreation,1
2026-08,environment,moving-country,1
2026-08,consumer,about,1
2026-08,environment,education,1
2026-08,education,environment,1
2026-08,about,justice,1
2026-08,about,returning-to-ireland,1
2026-08,health,justice,1
2026-08,consumer,birth-family-relationships,1
2026-08,money-and-tax,death,1
2026-08,justice,environment,1
2026-08,social-welfare,my-situation,1
2026-08,my-situation,education,1
2026-08,health,moving-country,1
2026-08,death,returning-to-ireland,1
2026-08,moving-country,about,1
2026-08,consumer,returning-to-ireland,1
2026-08,travel-and-recreation,employment,1
2026-08,health,about,1
2026-08,government-in-ireland,consumer,1
2026-08,government-in-ireland,money-and-tax,1
2026-08,justice,health,1
2026-08,about,employment,1
2026-08,consumer,environment,1
2026-08,government-in-ireland,about,1
2026-08,my-situation,social-welfare,1
2026-08,returning-to-ireland,environment,1
2026-09,employment,social-welfare,90
2026-09,money-and-tax,social-welfare,78
2026-09,social-welfare,money-and-tax,70
2026-09,social-welfare,employment,70
2026-09,housing,social-welfare,54
2026-09,social-welfare,housing,53
2026-09,social-welfare,health,42
2026-09,health,social-welfare,41
2026-09,social-welfare,returning-to-ireland,35
2026-09,returning-to-ireland,social-welfare,34
2026-09,education,social-welfare,33
2026-09,travel-and-recreation,moving-country,32
2026-09,social-welfare,education,31
2026-09,travel-and-recreation,social-welfare,30
2026-09,moving-country,travel-and-recreation,27
2026-09,moving-country,social-welfare,26
2026-09,returning-to-ireland,moving-country,25
2026-09,birth-family-relationships,social-welfare,23
2026-09,moving-country,returning-to-ireland,21
2026-09,social-welfare,birth-family-relationships,20
2026-09,employment,money-and-tax,18
2026-09,justice,birth-family-relationships,17
2026-09,housing,money-and-tax,17
2026-09,social-welfare,moving-country,16
2026-09,birth-family-relationships,housing,15
2026-09,money-and-tax,housing,15
2026-09,social-welfare,about,14
2026-09,birth-family-relationships,justice,14
2026-09,consumer,social-welfare,14
2026-09,money-and-tax,employment,13
2026-09,environment,housing,13
2026-09,housing,birth-family-relationships,12
2026-09,health,housing,12
2026-09,social-welfare,consumer,11
2026-09,housing,environment,11
2026-09,housing,moving-country,10
2026-09,about,social-welfare,9
2026-09,government-in-ireland,moving-country,9
2026-09,social-welfare,travel-and-recreation,9
2026-09,birth-family-relationships,death,9
2026-09,employment,housing,8
2026-09,housing,health,8
2026-09,social-welfare,death,8
2026-09,birth-family-relationships,travel-and-recreation,8
2026-09,education,birth-family-relationships,8
2026-09,social-welfare,government-in-ireland,8
2026-09,moving-country,birth-family-relationships,8
2026-09,employment,about,8
2026-09,health,money-and-tax,8
2026-09,travel-and-recreation,consumer,8
2026-09,moving-country,employment,8
2026-09,moving-country,government-in-ireland,7
2026-09,travel-and-recreation,money-and-tax,7
2026-09,money-and-tax,travel-and-recreation,7
2026-09,death,birth-family-relationships,7
2026-09,travel-and-recreation,justice,7
2026-09,money-and-tax,moving-country,7
2026-09,travel-and-recreation,health,7
2026-09,government-in-ireland,returning-to-ireland,7
2026-09,returning-to-ireland,housing,7
2026-09,returning-to-ireland,health,6
2026-09,birth-family-relationships,returning-to-ireland,6
2026-09,money-and-tax,health,6
2026-09,social-welfare,justice,6
2026-09,government-in-ireland,travel-and-recreation,6
2026-09,government-in-ireland,employment,6
2026-09,housing,justice,6
2026-09,health,travel-and-recreation,6
2026-09,moving-country,housing,6
2026-09,employment,moving-country,6
2026-09,returning-to-ireland,government-in-ireland,6
2026-09,consumer,travel-and-recreation,6
2026-09,moving-country,about,5
2026-09,birth-family-relationships,education,5
2026-09,death,money-and-tax,5
2026-09,health,birth-family-relationships,5
2026-09,travel-and-recreation,returning-to-ireland,5
2026-09,money-and-tax,about,5
2026-09,environment,social-welfare,5
2026-09,health,employment,5
2026-09,consumer,about,5
2026-09,birth-family-relationships,moving-country,5
2026-09,birth-family-relationships,health,5
2026-09,about,moving-country,5
2026-09,employment,health,5
2026-09,government-in-ireland,social-welfare,5
2026-09,money-and-tax,returning-to-ireland,5
2026-09,housing,employment,5
2026-09,education,returning-to-ireland,5
2026-09,money-and-tax,death,4
2026-09,justice,travel-and-recreation,4
2026-09,employment,returning-to-ireland,4
2026-09,money-and-tax,consumer,4
2026-09,returning-to-ireland,money-and-tax,4
2026-09,consumer,money-and-tax,4
2026-09,health,death,4
2026-09,moving-country,education,4
2026-09,education,housing,4
2026-09,consumer,justice,4
2026-09,travel-and-recreation,about,4
2026-09,travel-and-recreation,birth-family-relationships,4
2026-09,housing,returning-to-ireland,4
2026-09,returning-to-ireland,education,4
2026-09,about,government-in-ireland,3
2026-09,consumer,housing,3
2026-09,housing,government-in-ireland,3
2026-09,employment,birth-family-relationships,3
2026-09,employment,government-in-ireland,3
2026-09,death,health,3
2026-09,travel-and-recreation,housing,3
2026-09,housing,about,3
2026-09,health,government-in-ireland,3
2026-09,health,justice,3
2026-09,social-welfare,environment,3
2026-09,government-in-ireland,consumer,3
2026-09,consumer,returning-to-ireland,3
2026-09,returning-to-ireland,about,3
2026-09,travel-and-recreation,employment,3
2026-09,housing,consumer,3
2026-09,consumer,environment,3
2026-09,returning-to-ireland,birth-family-relationships,3
2026-09,about,employment,3
2026-09,justice,housing,3
2026-09,health,returning-to-ireland,3
2026-09,government-in-ireland,about,2
2026-09,consumer,health,2
2026-09,moving-country,consumer,2
2026-09,death,justice,2
2026-09,justice,social-welfare,2
2026-09,employment,education,2
2026-09,returning-to-ireland,employment,2
2026-09,health,education,2
2026-09,death,social-welfare,2
2026-09,about,money-and-tax,2
2026-09,birth-family-relationships,money-and-tax,2
2026-09,money-and-tax,birth-family-relationships,2
2026-09,birth-family-relationships,about,2
2026-09,money-and-tax,education,2
2026-09,justice,about,2
2026-09,government-in-ireland,health,2
2026-09,housing,death,2
2026-09,travel-and-recreation,environment,2
2026-09,travel-and-recreation,education,2
2026-09,environment,travel-and-recreation,2
2026-09,justice,death,2
2026-09,government-in-ireland,justice,2
2026-09,returning-to-ireland,travel-and-recreation,2
2026-09,money-and-tax,justice,2
2026-09,birth-family-relationships,employment,2
2026-09,justice,health,2
2026-09,employment,justice,2
2026-09,consumer,government-in-ireland,2
2026-09,death,about,2
2026-09,education,moving-country,2
2026-09,justice,government-in-ireland,2
2026-09,moving-country,environment,1
2026-09,about,health,1
2026-09,housing,travel-and-recreation,1
2026-09,government-in-ireland,money-and-tax,1
2026-09,money-and-tax,environment,1
2026-09,environment,money-and-tax,1
2026-09,employment,death,1
2026-09,consumer,moving-country,1
2026-09,government-in-ireland,housing,1
2026-09,health,about,1
2026-09,justice,environment,1
2026-09,moving-country,justice,1
2026-09,education,employment,1
2026-09,death,travel-and-recreation,1
2026-09,justice,moving-country,1
2026-09,environment,education,1
2026-09,environment,consumer,1
2026-09,moving-country,health,1
2026-09,justice,money-and-tax,1
2026-09,consumer,birth-family-relationships,1
2026-09,education,travel-and-recreation,1
2026-09,about,my-situation,1
2026-09,my-situation,travel-and-recreation,1
2026-09,returning-to-ireland,consumer,1
2026-09,education,consumer,1
2026-09,death,government-in-ireland,1
2026-09,about,travel-and-recreation,1
2026-09,travel-and-recreation,government-in-ireland,1
2026-09,government-in-ireland,birth-family-relationships,1
2026-09,health,moving-country,1
2026-09,housing,education,1
2026-09,birth-family-relationships,government-in-ireland,1
2026-09,education,health,1
2026-09,employment,travel-and-recreation,1
2026-09,birth-family-relationships,consumer,1
2026-09,employment,environment,1
2026-09,environment,health,1
2026-09,about,justice,1
2026-09,education,justice,1
2026-09,health,consumer,1
2026-09,about,housing,1
2026-10,money-and-tax,social-welfare,52
2026-10,social-welfare,money-and-tax,36
2026-10,employment,social-welfare,15
2026-10,social-welfare,housing,14
2026-10,social-welfare,education,9
2026-10,housing,social-welfare,9
2026-10,moving-country,social-welfare,8
2026-10,money-and-tax,housing,8
2026-10,social-welfare,moving-country,7
2026-10,travel-and-recreation,social-welfare,7
2026-10,employment,money-and-tax,6
2026-10,social-welfare,health,6
2026-10,returning-to-ireland,social-welfare,5
2026-10,money-and-tax,employment,5
2026-10,social-welfare,about,5
2026-10,moving-country,returning-to-ireland,5
2026-10,social-welfare,employment,5
2026-10,travel-and-recreation,money-and-tax,4
2026-10,birth-family-relationships,social-welfare,4
2026-10,environment,housing,4
2026-10,social-welfare,travel-and-recreation,4
2026-10,education,social-welfare,4
2026-10,employment,moving-country,4
2026-10,health,social-welfare,3
2026-10,social-welfare,returning-to-ireland,3
2026-10,health,birth-family-relationships,3
2026-10,social-welfare,birth-family-relationships,3
2026-10,consumer,social-welfare,3
2026-10,money-and-tax,education,3
2026-10,employment,housing,3
2026-10,housing,education,3
2026-10,moving-country,travel-and-recreation,3
2026-10,travel-and-recreation,moving-country,3
2026-10,health,housing,3
2026-10,housing,returning-to-ireland,3
2026-10,moving-country,employment,3
2026-10,housing,moving-country,3
2026-10,justice,employment,2
2026-10,returning-to-ireland,housing,2
2026-10,health,money-and-tax,2
2026-10,money-and-tax,consumer,2
2026-10,education,health,2
2026-10,education,housing,2
2026-10,travel-and-recreation,birth-family-relationships,2
2026-10,housing,justice,2
2026-10,health,employment,2
2026-10,moving-country,justice,2
2026-10,housing,about,2
2026-10,travel-and-recreation,housing,2
2026-10,birth-family-relationships,justice,2
2026-10,death,birth-family-relationships,2
2026-10,money-and-tax,health,2
2026-10,returning-to-ireland,moving-country,2
2026-10,travel-and-recreation,consumer,2
2026-10,health,travel-and-recreation,2
2026-10,housing,birth-family-relationships,2
2026-10,justice,birth-family-relationships,2
2026-10,birth-family-relationships,housing,2
2026-10,social-welfare,government-in-ireland,2
2026-10,government-in-ireland,employment,2
2026-10,moving-country,education,2
2026-10,social-welfare,consumer,2
2026-10,housing,health,2
2026-10,moving-country,housing,1
2026-10,social-welfare,justice,1
2026-10,about,social-welfare,1
2026-10,education,money-and-tax,1
2026-10,about,money-and-tax,1
2026-10,education,moving-country,1
2026-10,consumer,money-and-tax,1
2026-10,housing,government-in-ireland,1
2026-10,government-in-ireland,housing,1
2026-10,government-in-ireland,justice,1
2026-10,health,education,1
2026-10,returning-to-ireland,about,1
2026-10,money-and-tax,justice,1
2026-10,justice,housing,1
2026-10,birth-family-relationships,government-in-ireland,1
2026-10,travel-and-recreation,death,1
2026-10,returning-to-ireland,birth-family-relationships,1
2026-10,death,social-welfare,1
2026-10,housing,money-and-tax,1
2026-10,environment,health,1
2026-10,travel-and-recreation,employment,1
2026-10,birth-family-relationships,education,1
2026-10,government-in-ireland,health,1
2026-10,returning-to-ireland,health,1
2026-10,money-and-tax,travel-and-recreation,1
2026-10,employment,justice,1
2026-10,consumer,travel-and-recreation,1
2026-10,about,moving-country,1
2026-10,government-in-ireland,moving-country,1
2026-10,travel-and-recreation,justice,1
2026-10,moving-country,health,1
2026-10,birth-family-relationships,moving-country,1
2026-10,moving-country,money-and-tax,1
2026-10,money-and-tax,moving-country,1
2026-10,moving-country,consumer,1
2026-10,consumer,returning-to-ireland,1
2026-10,money-and-tax,about,1
2026-10,returning-to-ireland,money-and-tax,1
2026-10,moving-country,about,1
2026-10,money-and-tax,government-in-ireland,1
2026-10,government-in-ireland,money-and-tax,1
2026-10,health,moving-country,1
2026-10,consumer,justice,1
2026-10,housing,consumer,1
2026-10,consumer,housing,1
2026-10,housing,environment,1
2026-10,education,justice,1
2026-10,employment,government-in-ireland,1
2026-10,health,death,1
2026-10,birth-family-relationships,travel-and-recreation,1
2026-10,moving-country,birth-family-relationships,1
2026-10,birth-family-relationships,employment,1
2026-10,birth-family-relationships,health,1
2026-10,travel-and-recreation,education,1
2026-10,education,travel-and-recreation,1
2026-10,death,housing,1
2026-10,housing,death,1
2026-10,death,money-and-tax,1
2026-10,money-and-tax,death,1
2026-10,birth-family-relationships,death,1
2026-10,social-welfare,death,1
