Month,Prompt,Count,Cited,FollowedByTyped,FollowedBySuggested
2026-01,what is auto-enrolment,102,94,9,21
2026-01,can i get help with low pay,76,68,7,6
2026-01,how much is maternity benefit,27,20,0,1
2026-01,how do i renew my passport,2,2,1,0
2026-02,what is auto-enrolment,55,53,4,11
2026-02,can i get help with low pay,44,42,3,7
2026-02,how much is maternity benefit,4,4,0,0
2026-02,how do i renew my passport,2,2,0,0
2026-03,what is auto-enrolment,53,49,4,6
2026-03,can i get help with low pay,43,36,2,4
2026-03,how much is maternity benefit,38,33,2,7
2026-04,can i get help with low pay,66,46,4,5
2026-04,how much is maternity benefit,53,50,3,11
2026-04,what is auto-enrolment,43,37,1,5
2026-04,how do i renew my passport,1,1,0,0
2026-05,what is auto-enrolment,170,142,4,22
2026-05,can i get help with low pay,166,131,16,27
2026-05,how much is maternity benefit,120,109,7,16
2026-06,what is auto-enrolment,233,222,6,23
2026-06,can i get help with low pay,208,182,21,34
2026-06,how much is maternity benefit,146,126,11,30
2026-06,how do i renew my passport,1,1,0,0
2026-07,what is auto-enrolment,157,143,5,11
2026-07,can i get help with low pay,138,122,15,15
2026-07,how much is maternity benefit,107,100,8,18
2026-07,what are the housing assistance payment (hap) limits,58,54,8,16
2026-07,how do i apply for the back to school clothing and footwear allowance,55,48,2,13
2026-07,how do i renew my passport,44,41,5,2
2026-08,what is auto-enrolment,119,114,6,10
2026-08,what are the housing assistance payment (hap) limits,116,111,9,33
2026-08,can i get help with low pay,106,100,15,16
2026-08,how do i apply for the back to school clothing and footwear allowance,96,84,3,23
2026-08,how do i renew my passport,68,61,2,10
2026-08,how much is maternity benefit,59,56,3,9
2026-09,how do i renew my passport,238,218,15,21
2026-09,what are the housing assistance payment (hap) limits,228,212,14,45
2026-09,how do i apply for the back to school clothing and footwear allowance,165,145,6,13
2026-09,what is auto-enrolment,40,37,0,4
2026-09,can i get help with low pay,34,31,4,6
2026-09,how much is maternity benefit,33,30,0,7
2026-10,what are the housing assistance payment (hap) limits,103,90,5,20
2026-10,how do i renew my passport,79,67,1,8
2026-10,how do i apply for the back to school clothing and footwear allowance,56,50,0,8
