Date,Questions,Sessions,Answered,Unanswered,Flagged,NewTopic,UserFollowup,SuggestedFollowup,ModalTurns,WebTurns,OtherTurns,ModalSessions,WebSessions,Citations,LatencyP50ms,LatencyP90ms,Cited,NotFound,Clarification,Error,OutOfScope,Greeting,Uncited,Partial,Scored,OutcomeRules
2026-01-01,32,17,30,1,1,21,4,6,0,32,0,0,17,60,7591,9867,30,0,0,0,1,0,1,1,31,2026.10.08-1
2026-01-02,128,59,124,3,1,82,21,24,0,128,0,0,59,275,6734,10381,124,2,0,0,1,0,1,5,127,2026.10.08-1
2026-01-03,14,9,13,1,0,9,3,2,0,14,0,0,9,27,7385,10608,13,1,0,0,0,0,0,0,14,2026.10.08-1
2026-01-04,24,16,23,1,0,17,6,1,0,24,0,0,16,46,6408,8212,23,0,0,1,0,0,0,0,23,2026.10.08-1
2026-01-05,240,130,235,1,4,158,47,31,1,239,0,1,129,502,6874,10450,235,0,0,1,3,1,0,5,235,2026.10.08-1
2026-01-06,180,82,171,5,4,108,36,32,0,180,0,0,82,364,8924,13399,171,3,0,1,4,0,1,8,175,2026.10.08-1
2026-01-07,268,133,251,7,10,169,53,36,0,268,0,0,133,526,7919,12719,251,4,0,3,9,1,0,8,255,2026.10.08-1
2026-01-08,225,101,218,0,7,136,42,40,2,223,0,2,99,433,8194,12409,218,0,0,0,6,1,0,9,218,2026.10.08-1
2026-01-09,202,114,190,7,5,129,39,29,0,202,0,0,114,381,6835,9735,190,5,1,1,4,0,1,3,197,2026.10.08-1
2026-01-10,35,19,32,2,1,19,9,6,0,35,0,0,19,60,5924,7943,32,1,0,1,1,0,0,0,33,2026.10.08-1
2026-01-11,58,20,56,2,0,28,25,5,0,58,0,0,20,103,6416,7935,56,2,0,0,0,0,0,3,58,2026.10.08-1
2026-01-12,252,121,228,15,9,148,56,39,0,252,0,0,121,408,6497,10063,228,8,5,0,7,2,2,8,243,2026.10.08-1
2026-01-13,294,147,274,11,9,172,64,49,0,294,0,0,147,520,7499,11168,274,7,2,2,7,1,1,9,284,2026.10.08-1
2026-01-14,290,132,274,10,6,158,87,39,0,290,0,0,132,455,7729,11000,274,9,1,0,6,0,0,22,284,2026.10.08-1
2026-01-15,300,176,264,21,15,200,50,35,0,300,0,0,176,479,7378,11789,264,17,2,4,11,2,0,9,283,2026.10.08-1
2026-01-16,444,243,411,27,6,279,90,69,0,444,0,0,243,752,7280,11369,411,18,1,4,5,1,4,8,434,2026.10.08-1
2026-01-17,27,17,22,4,1,18,4,4,0,27,0,0,17,33,6953,11085,22,3,0,0,1,0,1,1,26,2026.10.08-1
2026-01-18,59,33,50,5,4,38,9,8,0,59,0,0,33,101,5966,8430,50,5,0,0,4,0,0,4,55,2026.10.08-1
2026-01-19,342,181,311,27,4,216,94,28,0,342,0,0,181,570,7361,10618,311,18,1,3,3,2,4,11,334,2026.10.08-1
2026-01-20,335,182,317,14,4,208,68,55,0,335,0,0,182,588,8207,12316,317,10,1,2,3,1,1,12,329,2026.10.08-1
2026-01-21,338,176,308,19,11,220,65,42,0,338,0,0,176,576,7265,10777,308,16,1,2,10,0,1,10,326,2026.10.08-1
2026-01-22,348,180,326,16,6,215,93,34,0,348,0,0,180,599,7724,11113,326,13,0,0,5,1,3,17,342,2026.10.08-1
2026-01-23,185,109,170,10,5,125,28,27,0,185,0,0,109,307,7789,10936,170,8,0,2,5,0,0,6,178,2026.10.08-1
2026-01-24,55,23,50,2,3,27,18,7,0,55,0,0,23,105,7004,11527,50,1,1,1,1,1,0,3,52,2026.10.08-1
2026-01-25,32,20,28,3,1,21,6,4,0,32,0,0,20,73,7275,11066,28,3,1,0,0,0,0,0,32,2026.10.08-1
2026-01-26,241,127,225,13,3,145,75,18,0,241,0,0,127,391,8075,12137,225,10,2,0,2,0,2,10,239,2026.10.08-1
2026-01-27,168,160,34,132,2,31,5,3,0,168,0,0,160,57,8405,16616,34,1,2,130,0,0,1,3,38,2026.10.08-1
2026-01-28,242,120,211,14,17,151,49,25,0,242,0,0,120,439,8260,12332,211,11,1,0,14,3,2,4,225,2026.10.08-1
2026-01-29,263,146,238,19,6,161,60,32,0,263,0,0,146,445,8133,13327,238,12,0,6,6,0,1,11,251,2026.10.08-1
2026-01-30,159,84,158,1,0,108,32,19,0,159,0,0,84,329,8682,12517,158,1,0,0,0,0,0,7,159,2026.10.08-1
2026-01-31,44,12,44,0,0,13,27,4,0,44,0,0,12,70,7835,11011,44,0,0,0,0,0,0,1,44,2026.10.08-1
2026-02-01,61,26,55,6,0,30,24,7,0,61,0,0,26,95,7110,9713,55,5,0,0,0,0,1,3,61,2026.10.08-1
2026-02-02,49,26,45,3,1,26,16,6,0,49,0,0,26,99,10862,15346,45,2,0,1,0,1,0,3,47,2026.10.08-1
2026-02-03,218,103,207,8,3,130,54,29,0,218,0,0,103,356,9215,15433,207,5,1,2,2,0,1,9,214,2026.10.08-1
2026-02-04,227,115,214,11,2,131,69,25,0,227,0,0,115,420,9182,15210,214,6,1,4,2,0,0,9,221,2026.10.08-1
2026-02-05,249,122,233,9,7,153,53,36,0,249,0,0,122,456,8612,15348,233,8,1,1,4,2,0,6,242,2026.10.08-1
2026-02-06,272,129,257,7,8,169,59,36,0,272,0,0,129,486,9292,16939,257,7,0,0,6,2,0,9,264,2026.10.08-1
2026-02-07,41,20,39,1,1,21,11,8,0,41,0,0,20,78,8281,12113,39,1,0,0,1,0,0,3,40,2026.10.08-1
2026-02-08,23,14,21,2,0,17,4,2,0,23,0,0,14,37,8026,14789,21,2,0,0,0,0,0,1,23,2026.10.08-1
2026-02-09,216,110,195,13,8,133,49,26,0,216,0,0,110,374,9366,15257,195,10,0,0,8,0,3,9,208,2026.10.08-1
2026-02-10,243,139,227,14,2,168,41,32,0,243,0,0,139,437,10122,17109,227,11,1,1,1,0,2,10,241,2026.10.08-1
2026-02-11,190,100,179,10,1,136,32,21,0,190,0,0,100,351,8806,13951,179,9,0,1,0,1,0,10,188,2026.10.08-1
2026-02-12,247,130,228,15,4,171,37,35,0,247,0,0,130,443,8226,12835,228,12,4,0,0,1,2,8,246,2026.10.08-1
2026-02-13,172,82,166,4,2,115,35,20,0,172,0,0,82,312,8314,14401,166,3,1,0,0,1,1,6,171,2026.10.08-1
2026-02-14,11,8,8,0,3,6,2,0,0,11,0,0,8,13,6760,8178,8,0,0,0,3,0,0,0,8,2026.10.08-1
2026-02-15,23,12,20,0,3,15,4,1,0,23,0,0,12,38,6936,9915,20,0,0,0,2,1,0,1,20,2026.10.08-1
2026-02-16,232,122,222,9,1,156,51,24,0,232,0,0,122,421,8173,12270,222,9,0,0,1,0,0,8,231,2026.10.08-1
2026-02-17,238,121,227,10,1,156,44,37,0,238,0,0,121,455,7916,12213,227,6,1,2,0,1,1,5,235,2026.10.08-1
2026-02-18,239,121,223,11,5,146,44,44,0,239,0,0,121,445,7821,11815,223,9,3,0,4,0,0,5,235,2026.10.08-1
2026-02-19,206,115,188,15,3,145,35,23,0,206,0,0,115,373,7381,12790,188,14,1,0,2,1,0,6,203,2026.10.08-1
2026-02-20,209,107,195,11,3,136,33,37,0,209,0,0,107,360,7865,12142,195,9,0,1,0,3,1,8,205,2026.10.08-1
2026-02-21,21,12,18,0,3,10,3,5,0,21,0,0,12,32,6977,9059,18,0,1,0,1,1,0,1,19,2026.10.08-1
2026-02-22,36,16,34,2,0,19,13,4,0,36,0,0,16,65,7425,9787,34,2,0,0,0,0,0,0,36,2026.10.08-1
2026-02-23,224,120,202,14,8,135,53,28,0,224,0,0,120,386,8062,13493,202,12,1,0,6,1,2,7,217,2026.10.08-1
2026-02-24,262,112,252,8,2,139,73,48,0,262,0,0,112,465,8963,17067,252,7,0,0,1,1,1,8,260,2026.10.08-1
2026-02-25,147,78,131,13,3,96,29,19,0,147,0,0,78,267,9005,15617,131,8,1,1,3,0,3,7,143,2026.10.08-1
2026-02-26,211,105,198,11,2,145,44,20,0,211,0,0,105,404,8732,16553,198,10,0,0,2,0,1,7,209,2026.10.08-1
2026-02-27,174,74,166,5,3,109,36,26,0,174,0,0,74,307,9378,14939,166,5,0,0,3,0,0,7,171,2026.10.08-1
2026-02-28,38,19,37,1,0,19,10,9,0,38,0,0,19,68,6979,9818,37,1,0,0,0,0,0,1,38,2026.10.08-1
2026-03-01,60,26,52,5,3,27,21,9,0,60,0,0,26,93,5834,8549,52,4,1,0,1,1,1,3,58,2026.10.08-1
2026-03-02,230,107,211,16,3,141,43,43,0,230,0,0,107,401,7454,12711,211,13,2,0,3,0,1,11,227,2026.10.08-1
2026-03-03,195,110,177,14,4,115,57,19,0,195,0,0,110,334,8089,13064,177,11,1,0,1,2,3,9,192,2026.10.08-1
2026-03-04,198,104,183,12,3,125,43,27,0,198,0,0,104,356,7681,12283,183,11,0,0,3,0,1,11,195,2026.10.08-1
2026-03-05,207,109,193,9,5,129,37,36,0,207,0,0,109,349,7982,14416,193,8,0,0,5,0,1,15,202,2026.10.08-1
2026-03-06,156,80,146,6,4,97,31,24,0,156,0,0,80,229,8110,12907,146,6,0,0,4,0,0,7,152,2026.10.08-1
2026-03-07,43,15,37,4,2,17,21,3,0,43,0,0,15,54,6464,9099,37,2,0,0,1,1,2,3,41,2026.10.08-1
2026-03-08,24,11,23,0,1,12,6,5,0,24,0,0,11,44,6886,10708,23,0,0,0,1,0,0,0,23,2026.10.08-1
2026-03-09,206,113,191,11,4,129,45,29,0,206,0,0,113,364,8398,13995,191,7,1,3,2,1,1,5,200,2026.10.08-1
2026-03-10,204,118,187,12,5,127,47,29,0,204,0,0,118,285,15024,22889,187,10,3,1,1,1,1,7,201,2026.10.08-1
2026-03-11,227,107,200,21,6,121,57,47,0,227,0,0,107,314,13486,22733,200,16,6,2,2,0,1,2,223,2026.10.08-1
2026-03-12,280,122,249,20,11,129,102,46,0,280,0,0,122,389,14677,22767,249,13,6,3,1,4,4,9,272,2026.10.08-1
2026-03-13,190,110,169,8,13,118,41,30,1,189,0,1,109,269,18085,28592,169,7,10,1,3,0,0,4,186,2026.10.08-1
2026-03-14,25,11,24,0,1,12,5,8,0,25,0,0,11,33,12456,19434,24,0,0,0,1,0,0,0,24,2026.10.08-1
2026-03-15,25,10,23,2,0,10,11,4,0,25,0,0,10,31,13383,18878,23,1,0,0,0,0,1,0,25,2026.10.08-1
2026-03-16,187,99,163,15,9,109,44,32,0,187,0,0,99,247,15233,23126,163,10,5,2,4,0,3,3,181,2026.10.08-1
2026-03-17,51,27,44,4,3,27,13,9,0,51,0,0,27,68,14081,23694,44,2,1,2,2,0,0,3,47,2026.10.08-1
2026-03-18,223,109,194,14,15,132,66,21,0,223,0,0,109,303,17113,27210,194,9,8,4,7,0,1,6,212,2026.10.08-1
2026-03-19,221,101,200,15,6,113,65,41,0,221,0,0,101,330,16876,27000,200,13,5,2,1,0,0,8,218,2026.10.08-1
2026-03-20,171,75,151,15,5,83,52,36,0,171,0,0,75,257,15126,22248,151,13,6,0,0,0,1,5,171,2026.10.08-1
2026-03-21,9,6,7,2,0,7,2,0,0,9,0,0,6,14,14055,17495,7,2,0,0,0,0,0,0,9,2026.10.08-1
2026-03-22,55,18,49,4,2,18,19,17,0,55,0,0,18,65,12299,16418,49,2,1,1,0,1,1,2,53,2026.10.08-1
2026-03-23,236,113,201,23,12,124,84,24,10,226,0,5,108,324,15481,22104,201,13,8,4,2,2,6,9,228,2026.10.08-1
2026-03-24,324,162,282,26,16,183,79,56,83,241,0,47,115,450,15538,24530,282,20,14,6,1,1,0,11,316,2026.10.08-1
2026-03-25,272,134,228,21,23,158,71,41,49,223,0,30,104,357,16221,24632,228,16,13,2,7,4,2,4,259,2026.10.08-1
2026-03-26,297,131,259,22,16,142,92,58,103,194,0,40,91,427,16742,25137,259,15,11,5,1,4,2,6,287,2026.10.08-1
2026-03-27,204,92,164,27,13,104,61,34,84,120,0,31,61,289,16180,26674,164,19,10,5,3,0,3,5,196,2026.10.08-1
2026-03-28,44,23,36,6,2,21,4,16,19,25,0,11,12,63,15223,18220,36,3,2,3,0,0,0,2,41,2026.10.08-1
2026-03-29,70,34,60,8,2,36,20,13,29,41,0,16,18,112,12880,17332,60,4,1,1,1,0,3,2,68,2026.10.08-1
2026-03-30,289,146,248,28,13,168,80,34,87,202,0,42,104,415,17350,26395,248,20,9,7,1,3,1,4,278,2026.10.08-1
2026-03-31,229,130,184,33,12,134,45,42,68,161,0,44,86,302,19459,28318,184,19,7,8,3,2,6,2,216,2026.10.08-1
2026-04-01,256,133,230,16,10,144,67,43,65,191,0,32,101,370,18252,26690,230,12,9,2,0,1,2,8,253,2026.10.08-1
2026-04-02,212,106,184,19,9,111,58,37,67,145,0,32,74,293,18479,27946,184,12,7,6,2,0,1,7,204,2026.10.08-1
2026-04-03,85,40,65,10,10,40,24,19,58,27,0,22,18,93,16564,25118,65,8,6,2,0,4,0,4,79,2026.10.08-1
2026-04-04,62,29,53,9,0,29,18,14,31,31,0,17,12,79,14772,19876,53,6,0,1,0,0,2,2,61,2026.10.08-1
2026-04-05,73,32,58,7,8,32,19,19,30,43,0,18,14,94,14032,20386,58,4,6,3,0,2,0,0,68,2026.10.08-1
2026-04-06,86,41,76,4,6,43,25,17,58,28,0,28,13,131,17261,24936,76,3,3,1,2,1,0,1,82,2026.10.08-1
2026-04-07,386,157,343,23,20,169,130,81,130,256,0,42,115,544,18059,26348,343,13,15,6,2,4,3,7,374,2026.10.08-1
2026-04-08,314,129,274,27,13,154,90,66,0,314,0,0,129,443,19676,29351,274,20,11,4,2,0,3,12,308,2026.10.08-1
2026-04-09,287,143,257,20,10,157,65,59,0,287,0,0,143,405,21876,35827,257,11,9,6,1,0,3,7,280,2026.10.08-1
2026-04-10,160,75,135,16,9,81,45,31,1,159,0,0,75,203,21282,31677,135,10,4,3,4,1,3,5,152,2026.10.08-1
2026-04-11,44,17,38,6,0,19,17,8,0,44,0,0,17,58,19710,30357,38,6,0,0,0,0,0,2,44,2026.10.08-1
2026-04-12,59,23,55,3,1,25,10,24,0,59,0,0,23,84,19907,29861,55,3,1,0,0,0,0,5,59,2026.10.08-1
2026-04-13,243,112,213,18,12,119,68,52,0,243,0,0,112,332,26299,44775,213,12,8,4,3,1,2,4,235,2026.10.08-1
2026-04-14,249,109,211,29,9,128,78,39,0,249,0,0,109,321,26742,43187,211,21,9,4,1,0,3,3,244,2026.10.08-1
2026-04-15,222,107,192,19,11,123,66,29,0,222,0,0,107,302,25537,45938,192,13,8,4,2,1,2,10,215,2026.10.08-1
2026-04-16,202,109,181,13,8,118,44,36,0,202,0,0,109,309,22789,36516,181,9,8,4,0,0,0,11,198,2026.10.08-1
2026-04-17,174,102,162,10,2,106,35,31,0,174,0,0,102,268,25761,36396,162,6,1,2,1,0,2,6,171,2026.10.08-1
2026-04-18,44,21,35,9,0,21,14,7,0,44,0,0,21,46,19508,25033,35,6,1,2,0,0,0,2,42,2026.10.08-1
2026-04-19,65,24,51,8,6,28,24,9,0,65,0,0,24,81,19069,28704,51,4,5,4,1,0,0,3,60,2026.10.08-1
2026-04-20,174,91,160,12,2,92,40,37,0,174,0,0,91,243,27432,51037,160,7,2,5,0,0,0,3,169,2026.10.08-1
2026-04-21,245,121,214,25,6,133,68,39,1,244,0,1,120,342,25573,42938,214,20,3,5,2,1,0,4,237,2026.10.08-1
2026-04-22,229,102,202,19,8,118,63,44,0,229,0,0,102,312,25005,51733,202,15,6,4,1,1,0,10,223,2026.10.08-1
2026-04-23,209,110,178,21,10,122,50,34,0,209,0,0,110,283,20005,46175,178,16,6,3,3,1,2,8,202,2026.10.08-1
2026-04-24,158,83,137,15,6,91,41,25,0,158,0,0,83,210,17349,30536,137,12,6,1,1,0,1,4,156,2026.10.08-1
2026-04-25,28,12,25,3,0,12,5,11,0,28,0,0,12,39,12956,21474,25,3,0,0,0,0,0,1,28,2026.10.08-1
2026-04-26,42,17,32,5,5,17,14,10,0,42,0,0,17,57,15647,25723,32,4,3,1,2,0,0,2,39,2026.10.08-1
2026-04-27,243,121,203,32,8,124,66,44,0,243,0,0,121,336,17137,41382,203,23,6,9,1,1,0,5,232,2026.10.08-1
2026-04-28,192,108,162,21,9,113,46,27,0,192,0,0,108,255,23843,43090,162,11,7,6,2,0,4,5,184,2026.10.08-1
2026-04-29,236,120,216,12,8,131,44,58,0,236,0,0,120,334,19105,36977,216,6,6,3,2,0,3,4,231,2026.10.08-1
2026-04-30,209,96,186,12,11,106,58,41,0,209,0,0,96,282,24246,46727,186,7,7,4,2,2,1,10,201,2026.10.08-1
2026-05-01,149,79,128,17,4,82,33,32,0,149,0,0,79,201,17282,26009,128,11,4,2,1,0,3,2,146,2026.10.08-1
2026-05-02,57,19,49,4,4,20,28,7,0,57,0,0,19,70,16311,25545,49,2,3,2,0,1,0,0,54,2026.10.08-1
2026-05-03,32,11,28,1,3,12,17,3,0,32,0,0,11,47,13917,21627,28,1,3,0,0,0,0,3,32,2026.10.08-1
2026-05-04,61,18,54,6,1,18,27,16,0,61,0,0,18,75,20215,50783,54,5,1,0,0,0,1,1,61,2026.10.08-1
2026-05-05,194,81,158,25,11,89,60,37,0,194,0,0,81,244,17983,45183,158,16,6,8,4,1,1,8,181,2026.10.08-1
2026-05-06,196,88,177,16,3,99,59,34,0,196,0,0,88,288,19183,40788,177,8,2,4,1,0,4,3,191,2026.10.08-1
2026-05-07,194,102,174,13,7,107,54,32,3,191,0,2,100,273,16656,35195,174,9,6,1,2,0,2,4,191,2026.10.08-1
2026-05-08,213,92,183,18,12,104,69,37,0,213,0,0,92,301,15179,30581,183,13,8,3,2,2,2,2,206,2026.10.08-1
2026-05-09,48,18,41,6,1,21,13,14,0,48,0,0,18,69,11544,23971,41,4,0,0,1,0,2,3,47,2026.10.08-1
2026-05-10,43,11,35,3,5,20,15,8,0,43,0,0,11,59,9744,15439,35,3,4,0,1,0,0,0,42,2026.10.08-1
2026-05-11,568,268,486,49,33,283,142,131,408,160,0,183,85,768,14905,23650,486,35,25,12,5,3,2,14,548,2026.10.08-1
2026-05-12,704,288,573,95,36,293,218,164,557,147,0,217,71,855,19964,33662,573,58,23,29,7,6,8,24,662,2026.10.08-1
2026-05-13,496,267,366,100,30,257,104,81,348,148,0,191,76,588,23745,68673,366,37,21,54,1,8,9,9,433,2026.10.08-1
2026-05-14,548,290,405,117,26,268,110,102,395,153,0,198,92,633,12877,43803,405,47,13,68,5,8,2,18,467,2026.10.08-1
2026-05-15,516,238,436,44,36,266,122,121,378,138,0,165,73,682,11962,19078,436,36,20,7,5,11,1,12,493,2026.10.08-1
2026-05-16,195,89,157,23,15,99,33,59,183,12,0,81,8,219,10276,13538,157,16,9,4,2,4,3,10,185,2026.10.08-1
2026-05-17,232,102,188,32,12,99,60,64,225,7,0,98,4,284,12591,18758,188,20,5,9,4,4,2,6,215,2026.10.08-1
2026-05-18,570,270,471,75,24,288,123,153,434,136,0,205,65,726,12019,18448,471,56,13,6,0,11,13,15,553,2026.10.08-1
2026-05-19,624,296,531,69,24,307,146,162,442,182,0,206,90,831,13127,21578,531,54,19,9,3,2,6,12,610,2026.10.08-1
2026-05-20,983,470,839,94,50,499,214,249,818,165,0,390,80,1257,13028,22745,839,57,35,21,7,11,13,17,944,2026.10.08-1
2026-05-21,1086,462,932,100,54,492,302,275,959,127,0,401,61,1418,11939,17739,932,71,38,17,4,12,12,25,1053,2026.10.08-1
2026-05-22,745,347,622,77,46,366,181,187,640,105,0,295,52,914,11581,16040,622,57,26,11,8,12,9,15,714,2026.10.08-1
2026-05-23,368,152,302,39,27,166,105,91,343,25,0,144,8,438,9317,12374,302,29,17,6,5,5,4,8,352,2026.10.08-1
2026-05-24,345,150,282,40,23,150,77,109,331,14,0,144,6,407,9862,12860,282,30,19,9,4,1,0,11,331,2026.10.08-1
2026-05-25,903,394,767,89,47,417,238,236,739,164,0,302,92,1116,10778,15037,767,66,25,12,4,18,11,19,869,2026.10.08-1
2026-05-26,839,407,700,96,43,426,179,218,704,135,0,342,65,1067,11005,15257,700,67,31,16,4,8,13,16,811,2026.10.08-1
2026-05-27,956,407,786,113,57,432,272,242,873,83,0,359,48,1148,11606,16174,786,89,36,10,2,19,14,26,925,2026.10.08-1
2026-05-28,1019,414,847,111,61,457,294,257,925,94,0,365,49,1276,11123,15695,847,86,37,11,7,18,13,28,983,2026.10.08-1
2026-05-29,710,359,525,136,49,317,171,143,595,115,0,296,63,797,11406,37903,525,43,30,79,7,12,14,16,612,2026.10.08-1
2026-05-30,436,177,354,49,33,188,141,103,414,22,0,170,7,505,9663,13016,354,39,21,4,7,5,6,9,420,2026.10.08-1
2026-05-31,430,179,352,47,31,186,130,108,405,25,0,170,9,526,10268,14014,352,35,24,6,5,3,5,10,416,2026.10.08-1
2026-06-01,745,312,597,94,54,341,186,199,645,100,0,292,20,895,11528,17271,597,59,24,19,20,10,16,21,696,2026.10.08-1
2026-06-02,1084,474,927,99,58,505,284,281,936,148,0,403,71,1365,11417,16315,927,72,44,14,6,12,9,26,1052,2026.10.08-1
2026-06-03,1038,471,857,113,68,501,255,265,882,156,0,398,73,1306,11869,17295,857,87,40,17,14,15,8,25,992,2026.10.08-1
2026-06-04,981,434,830,95,56,458,264,249,841,140,0,358,76,1209,11125,15430,830,72,39,10,5,13,12,24,953,2026.10.08-1
2026-06-05,759,353,608,88,63,367,220,161,657,102,0,304,49,917,11340,16025,608,62,34,11,8,22,14,27,718,2026.10.08-1
2026-06-06,465,193,378,52,35,198,137,124,393,72,0,179,14,558,9699,13163,378,36,22,6,8,5,10,10,446,2026.10.08-1
2026-06-07,568,235,446,69,53,255,163,145,543,25,0,228,7,710,8863,11968,446,58,38,5,3,13,5,15,547,2026.10.08-1
2026-06-08,964,460,791,115,58,476,251,214,844,120,0,402,58,1163,11708,24144,791,82,42,23,5,13,8,21,923,2026.10.08-1
2026-06-09,976,442,827,92,57,468,263,238,859,117,0,382,60,1261,11744,17027,827,72,39,7,5,13,13,23,951,2026.10.08-1
2026-06-10,867,395,711,107,49,411,229,205,710,157,0,324,71,1049,14680,25446,711,73,37,22,5,9,10,22,831,2026.10.08-1
2026-06-11,861,356,716,88,57,388,255,213,727,134,0,293,63,1092,11486,15938,716,67,38,5,8,12,15,19,836,2026.10.08-1
2026-06-12,720,336,606,73,41,352,193,168,641,79,0,291,45,879,11962,16162,606,57,32,7,3,6,9,5,704,2026.10.08-1
2026-06-13,442,177,370,46,26,187,120,130,413,29,0,171,6,593,10481,13892,370,35,15,5,4,8,5,4,425,2026.10.08-1
2026-06-14,371,171,320,28,23,173,87,107,362,9,0,165,6,445,8421,11332,320,20,17,4,4,3,3,9,360,2026.10.08-1
2026-06-15,1027,421,873,99,55,442,303,273,882,145,0,351,70,1291,10728,14534,873,75,36,9,10,11,13,18,997,2026.10.08-1
2026-06-16,896,408,756,87,53,438,207,239,769,127,0,352,56,1086,11546,16525,756,63,35,12,9,12,9,17,863,2026.10.08-1
2026-06-17,935,420,782,106,47,442,230,248,791,144,0,352,68,1167,11024,16470,782,77,31,15,4,15,11,9,901,2026.10.08-1
2026-06-18,828,391,661,110,57,418,229,168,718,110,0,331,60,993,11402,16503,661,86,44,13,8,9,7,15,798,2026.10.08-1
2026-06-19,733,334,615,75,43,359,187,183,633,100,0,284,50,905,10551,14255,615,56,26,4,8,13,11,11,708,2026.10.08-1
2026-06-20,444,161,383,36,25,175,125,143,434,10,0,155,6,563,9690,12608,383,27,24,1,2,2,5,7,439,2026.10.08-1
2026-06-21,247,111,200,31,16,117,63,61,231,16,0,106,5,292,9602,12707,200,23,10,6,4,2,2,5,235,2026.10.08-1
2026-06-22,922,383,774,106,42,408,280,225,820,102,0,335,48,1129,11626,16044,774,81,30,9,5,9,14,9,899,2026.10.08-1
2026-06-23,690,335,563,91,36,350,175,161,619,71,0,291,44,815,12056,18207,563,70,24,4,4,10,15,11,672,2026.10.08-1
2026-06-24,659,316,548,81,30,336,149,163,535,124,0,263,53,790,11600,16708,548,49,24,11,7,3,17,12,638,2026.10.08-1
2026-06-25,691,318,582,70,39,331,176,176,581,110,0,267,51,863,11438,15583,582,50,37,8,2,2,10,11,679,2026.10.08-1
2026-06-26,540,266,452,60,28,273,115,142,466,74,0,227,39,674,11530,15912,452,44,21,10,3,4,6,8,523,2026.10.08-1
2026-06-27,432,179,366,33,33,187,123,119,419,13,0,172,7,516,9462,12587,366,27,25,3,3,5,3,9,421,2026.10.08-1
2026-06-28,404,191,328,39,37,200,90,110,397,7,0,186,5,502,9349,13088,328,30,24,4,7,7,4,8,386,2026.10.08-1
2026-06-29,1031,413,890,96,45,437,316,272,911,120,0,346,67,1321,10533,14518,890,72,29,6,7,12,15,18,1006,2026.10.08-1
2026-06-30,928,463,761,99,68,490,213,214,781,147,0,387,76,1324,12145,16712,761,87,45,11,12,11,1,139,894,2026.10.08-1
2026-07-01,682,383,563,80,39,394,120,154,598,84,0,334,49,1019,12836,17645,563,64,28,13,1,10,3,91,658,2026.10.08-1
2026-07-02,807,412,682,64,61,441,169,189,701,106,0,354,58,1205,12994,18253,682,54,38,8,10,13,2,98,776,2026.10.08-1
2026-07-03,563,304,497,26,40,326,126,104,501,62,0,269,35,892,12872,18567,497,18,22,7,6,12,1,90,538,2026.10.08-1
2026-07-04,320,154,276,21,23,160,81,71,309,11,0,147,7,475,12209,16192,276,12,16,8,3,4,1,40,305,2026.10.08-1
2026-07-05,293,154,260,12,21,157,74,59,278,15,0,147,7,467,10669,14715,260,8,14,3,4,3,1,33,283,2026.10.08-1
2026-07-06,737,393,661,36,40,419,172,137,613,124,0,331,62,1187,12820,17425,661,27,30,9,6,4,0,79,718,2026.10.08-1
2026-07-07,749,367,675,29,45,393,206,138,645,104,0,306,61,1214,13010,17888,675,17,32,12,6,7,0,99,724,2026.10.08-1
2026-07-08,724,358,645,24,55,398,182,137,595,129,0,304,54,1158,13323,18236,645,13,35,7,12,8,4,89,697,2026.10.08-1
2026-07-09,610,311,546,25,39,319,145,137,523,87,0,262,49,991,12576,16515,546,16,30,9,4,5,0,83,592,2026.10.08-1
2026-07-10,543,282,475,24,44,298,109,127,506,37,0,257,25,818,13362,19467,475,15,30,9,6,7,1,75,521,2026.10.08-1
2026-07-11,303,130,266,13,24,136,63,101,293,10,0,124,6,422,12072,14819,266,10,16,3,3,5,0,36,292,2026.10.08-1
2026-07-12,272,139,248,10,14,143,63,66,263,9,0,134,5,434,10396,13980,248,8,10,0,2,2,2,28,268,2026.10.08-1
2026-07-13,660,343,584,31,45,358,165,124,549,111,0,282,61,1101,12771,17775,584,13,21,13,13,11,5,71,623,2026.10.08-1
2026-07-14,669,350,591,29,49,366,160,133,564,105,0,297,53,1088,12822,17727,591,18,29,10,12,8,1,87,639,2026.10.08-1
2026-07-15,681,334,590,30,61,366,161,147,555,126,0,280,54,1010,12406,16608,590,22,27,7,16,18,1,60,640,2026.10.08-1
2026-07-16,612,337,536,25,51,357,131,118,487,125,0,282,55,968,12682,16835,536,19,36,6,7,8,0,73,591,2026.10.08-1
2026-07-17,557,306,501,26,30,322,123,105,496,61,0,271,35,937,12076,16845,501,18,15,7,7,8,1,67,535,2026.10.08-1
2026-07-18,421,174,386,12,23,182,118,117,380,41,0,160,14,699,11146,14909,386,7,21,4,2,0,1,57,415,2026.10.08-1
2026-07-19,290,145,257,9,24,146,71,70,273,17,0,142,3,419,10547,14027,257,6,17,3,7,0,0,28,280,2026.10.08-1
2026-07-20,683,356,610,41,32,378,156,135,605,78,0,313,43,1061,12430,16595,610,26,22,14,2,8,1,89,659,2026.10.08-1
2026-07-21,737,399,652,30,55,427,157,144,643,94,0,340,59,1170,13161,17731,652,19,33,9,8,14,2,89,706,2026.10.08-1
2026-07-22,766,386,686,29,51,409,195,153,695,71,0,343,43,1269,12218,16726,686,17,32,9,9,10,3,85,738,2026.10.08-1
2026-07-23,695,381,621,33,41,394,171,118,622,73,0,332,49,1154,12573,16573,621,20,30,12,3,8,1,96,672,2026.10.08-1
2026-07-24,610,333,554,23,33,337,141,124,548,62,0,288,45,982,12022,16806,554,14,26,8,5,2,1,92,595,2026.10.08-1
2026-07-25,312,158,280,15,17,165,79,64,308,4,0,154,4,515,11236,15367,280,11,13,4,2,2,0,34,304,2026.10.08-1
2026-07-26,363,172,318,18,27,186,105,71,341,22,0,164,8,577,11069,14467,318,17,16,1,4,7,0,30,351,2026.10.08-1
2026-07-27,710,379,617,39,54,397,163,139,650,60,0,343,36,1126,12384,17068,617,28,39,11,3,11,1,97,685,2026.10.08-1
2026-07-28,794,419,723,26,45,442,201,146,677,117,0,346,73,1416,13106,17786,723,19,31,5,5,9,2,122,775,2026.10.08-1
2026-07-29,667,375,600,30,37,393,132,132,576,91,0,320,55,1132,12569,16754,600,20,24,10,6,7,0,79,644,2026.10.08-1
2026-07-30,613,321,537,36,40,345,136,128,556,57,0,288,33,1007,12223,16249,537,32,26,4,4,10,0,73,595,2026.10.08-1
2026-07-31,547,267,482,22,43,293,125,126,477,70,0,241,26,850,12382,16649,482,19,27,3,5,11,0,66,528,2026.10.08-1
2026-08-01,366,170,312,14,40,184,85,94,333,33,0,166,4,538,11543,14852,312,11,26,3,4,10,0,39,349,2026.10.08-1
2026-08-02,277,152,234,14,29,155,55,62,272,5,0,150,2,410,11531,14886,234,9,17,5,8,4,0,22,260,2026.10.08-1
2026-08-03,440,231,393,18,29,247,80,107,421,19,0,219,12,715,12292,16973,393,12,18,6,7,4,0,64,423,2026.10.08-1
2026-08-04,758,393,672,28,58,403,179,168,654,104,0,335,58,1196,12798,16722,672,18,40,8,10,8,2,91,732,2026.10.08-1
2026-08-05,741,382,661,35,45,407,163,161,661,80,0,339,43,1144,11767,15513,661,24,29,10,3,13,1,92,715,2026.10.08-1
2026-08-06,673,363,585,32,56,380,161,124,592,81,0,311,52,1048,11657,15086,585,24,36,8,13,7,0,94,645,2026.10.08-1
2026-08-07,619,323,550,23,46,344,147,122,575,44,0,293,30,1061,11620,15348,550,16,23,6,9,14,1,75,590,2026.10.08-1
2026-08-08,384,190,328,19,37,199,89,91,359,25,0,182,8,557,11244,15335,328,13,23,5,7,7,1,38,365,2026.10.08-1
2026-08-09,323,177,271,10,42,183,76,62,305,18,0,170,7,491,11686,15036,271,8,25,2,13,4,0,35,304,2026.10.08-1
2026-08-10,839,433,760,28,51,462,190,178,765,74,0,387,46,1360,12295,16524,760,19,36,9,3,12,0,108,815,2026.10.08-1
2026-08-11,741,417,659,32,50,428,180,124,633,108,0,348,69,1223,12414,16824,659,21,33,9,9,8,2,87,715,2026.10.08-1
2026-08-12,671,338,597,37,37,361,151,151,538,133,0,276,62,1071,11604,15888,597,27,26,8,3,8,2,95,652,2026.10.08-1
2026-08-13,661,375,583,28,50,391,153,110,598,63,0,335,40,1087,11915,15627,583,21,30,7,8,12,0,92,634,2026.10.08-1
2026-08-14,620,316,547,25,48,329,170,114,540,80,0,276,40,1032,11870,15927,547,17,36,7,8,4,1,85,601,2026.10.08-1
2026-08-15,320,154,285,18,17,162,61,93,256,64,0,142,12,481,10074,13297,285,14,11,4,2,4,0,30,310,2026.10.08-1
2026-08-16,358,181,313,19,26,188,75,87,337,21,0,172,9,569,10621,13899,313,11,20,8,4,2,0,31,344,2026.10.08-1
2026-08-17,748,402,659,37,52,421,184,133,661,87,0,353,49,1200,12619,17898,659,24,37,10,5,10,3,87,723,2026.10.08-1
2026-08-18,764,439,687,30,47,462,170,123,666,98,0,373,66,1255,11472,15291,687,22,31,9,6,9,0,99,740,2026.10.08-1
2026-08-19,729,395,650,33,46,423,167,132,629,100,0,340,55,1219,11671,15884,650,26,29,7,5,12,0,110,705,2026.10.08-1
2026-08-20,693,348,593,35,65,382,166,138,592,101,0,305,43,1041,12190,16733,593,27,35,7,16,14,1,89,656,2026.10.08-1
2026-08-21,540,302,454,28,58,317,117,98,517,23,0,282,20,810,11296,15522,454,20,38,8,6,14,0,70,512,2026.10.08-1
2026-08-22,282,157,245,18,19,162,56,60,269,13,0,151,6,436,10392,13801,245,14,14,4,3,2,0,33,273,2026.10.08-1
2026-08-23,364,190,324,8,32,205,85,71,349,15,0,180,10,586,10273,13494,324,5,20,3,7,5,0,46,349,2026.10.08-1
2026-08-24,742,408,689,18,35,434,153,154,608,134,0,345,63,1252,11863,16233,689,16,26,1,6,3,1,98,732,2026.10.08-1
2026-08-25,733,410,643,43,47,431,152,138,630,103,0,359,51,1136,11085,15145,643,31,33,12,4,10,0,106,707,2026.10.08-1
2026-08-26,806,395,728,24,54,413,211,174,718,88,0,349,46,1319,11229,14964,728,15,42,8,3,9,1,94,786,2026.10.08-1
2026-08-27,794,408,708,36,50,426,182,173,704,90,0,356,52,1373,11303,15394,708,21,33,13,13,5,1,97,763,2026.10.08-1
2026-08-28,557,302,492,28,37,307,125,113,480,77,0,251,51,880,11782,16204,492,16,22,12,7,8,0,79,530,2026.10.08-1
2026-08-29,414,211,356,20,38,220,90,96,381,33,0,199,12,658,10646,14081,356,12,30,8,1,7,0,41,398,2026.10.08-1
2026-08-30,449,219,396,16,37,231,119,94,445,4,0,215,4,722,10804,14131,396,10,23,5,7,7,1,45,430,2026.10.08-1
2026-08-31,749,403,683,26,40,422,158,162,661,88,0,352,51,1274,13057,16890,683,19,19,7,9,12,0,99,721,2026.10.08-1
2026-09-01,761,400,677,38,46,424,172,156,677,84,0,351,49,1262,13077,17347,677,28,34,9,5,7,1,97,740,2026.10.08-1
2026-09-02,807,444,708,40,59,448,175,169,733,74,0,390,54,1370,12738,16946,708,25,47,15,6,6,0,108,780,2026.10.08-1
2026-09-03,721,402,656,32,33,412,163,136,640,81,0,349,53,1226,12036,16746,656,22,22,10,5,6,0,79,700,2026.10.08-1
2026-09-04,694,348,608,33,53,361,179,145,591,103,0,296,52,1097,12742,16955,608,24,39,9,6,8,0,108,671,2026.10.08-1
2026-09-05,327,158,292,13,22,160,76,86,283,44,0,149,9,511,11508,15073,292,8,15,5,4,3,0,31,315,2026.10.08-1
2026-09-06,368,192,326,11,31,196,92,76,361,7,0,185,7,618,10378,14852,326,7,21,4,5,5,0,26,354,2026.10.08-1
2026-09-07,842,468,771,24,47,486,153,193,745,97,0,409,59,1415,12381,16770,771,13,32,10,9,6,1,99,817,2026.10.08-1
2026-09-08,905,491,832,25,48,504,204,185,787,118,0,421,70,1592,11648,15794,832,13,40,12,3,5,0,138,885,2026.10.08-1
2026-09-09,863,427,766,31,66,454,223,178,771,92,0,375,52,1363,11700,15746,766,22,44,8,12,10,1,123,833,2026.10.08-1
2026-09-10,894,475,805,40,49,491,191,196,791,103,0,410,65,1456,12698,17387,805,24,30,16,5,13,1,125,860,2026.10.08-1
2026-09-11,699,353,635,27,37,366,144,175,627,72,0,304,49,1214,12669,16849,635,13,24,14,6,7,0,70,672,2026.10.08-1
2026-09-12,398,207,354,19,25,204,89,97,385,13,0,198,9,654,10859,14510,354,11,20,8,2,3,0,45,385,2026.10.08-1
2026-09-13,349,190,308,19,22,203,77,66,323,26,0,179,11,577,10345,14395,308,16,14,3,3,5,0,37,338,2026.10.08-1
2026-09-14,809,436,723,26,60,455,175,172,705,102,2,364,70,1345,11812,15916,723,17,44,7,7,9,2,97,786,2026.10.08-1
2026-09-15,988,553,761,102,125,638,205,145,853,135,0,476,77,1257,11622,16328,761,86,82,14,21,22,2,209,931,2026.10.08-1
2026-09-16,982,485,738,80,164,568,240,174,892,90,0,421,64,1238,10446,15450,738,70,107,8,22,35,2,206,917,2026.10.08-1
2026-09-17,904,505,713,77,114,554,194,156,783,121,0,412,93,1217,10928,16110,713,68,79,9,24,11,0,181,860,2026.10.08-1
2026-09-18,719,369,547,62,110,411,177,131,612,107,0,316,53,882,10893,16790,547,51,87,9,14,9,2,156,687,2026.10.08-1
2026-09-19,410,216,319,30,61,240,90,80,394,16,0,204,12,521,9656,13359,319,27,42,3,11,8,0,93,388,2026.10.08-1
2026-09-20,420,223,329,37,54,243,96,81,409,11,0,216,7,558,8968,12719,329,33,31,4,18,5,0,87,393,2026.10.08-1
2026-09-21,1005,530,789,109,107,590,259,156,851,154,0,446,84,1286,11203,15680,789,97,80,13,15,11,0,216,966,2026.10.08-1
2026-09-22,896,489,694,70,132,542,222,132,786,110,0,417,72,1173,10964,16651,694,64,94,3,25,13,3,180,855,2026.10.08-1
2026-09-23,823,439,635,88,100,480,188,155,731,92,0,377,62,1059,10675,15558,635,79,79,9,14,7,0,153,793,2026.10.08-1
2026-09-24,845,456,637,90,118,496,226,123,748,97,0,398,58,1105,13586,19305,637,77,95,12,16,7,1,200,810,2026.10.08-1
2026-09-25,585,334,466,66,53,358,135,92,535,50,0,305,29,768,11086,16122,466,54,37,12,13,3,0,111,557,2026.10.08-1
2026-09-26,421,199,312,37,72,220,121,80,385,36,0,182,17,562,9242,12499,312,33,55,4,12,5,0,91,400,2026.10.08-1
2026-09-27,385,216,300,34,51,234,91,60,376,9,0,212,4,528,9999,14515,300,28,35,6,13,3,0,83,363,2026.10.08-1
2026-09-28,1109,610,927,85,97,656,241,212,862,247,0,436,174,1500,10637,15693,927,75,64,9,26,7,1,217,1067,2026.10.08-1
2026-09-29,905,498,666,138,101,547,221,137,817,88,0,436,62,1129,12685,38314,666,91,74,47,13,14,0,190,831,2026.10.08-1
2026-09-30,884,477,682,99,103,521,223,140,764,120,0,408,69,1190,19061,36606,682,73,80,25,14,9,1,182,836,2026.10.08-1
2026-10-01,780,454,619,77,84,489,157,134,680,100,0,386,68,1054,11452,15565,619,67,69,8,12,3,2,153,757,2026.10.08-1
2026-10-02,785,413,621,57,107,464,213,108,668,117,0,342,71,1093,10045,14151,621,52,74,3,23,10,2,187,749,2026.10.08-1
2026-10-03,383,208,309,36,38,227,80,76,362,21,0,194,14,512,8698,12693,309,33,27,3,7,4,0,83,369,2026.10.08-1
2026-10-04,453,220,352,29,72,245,138,70,433,20,0,207,13,595,11094,15959,352,26,60,2,10,2,1,99,439,2026.10.08-1
2026-10-05,859,431,611,76,172,520,210,129,751,108,0,372,59,1079,11489,17361,611,67,111,8,42,19,1,144,790,2026.10.08-1
2026-10-06,2213,1314,1678,217,318,1409,482,322,1886,327,0,1065,249,2979,12222,17761,1678,184,263,28,43,12,5,474,2130,2026.10.08-1
2026-10-07,1960,1091,1519,210,231,1187,488,285,1658,302,0,899,192,2633,11187,15689,1519,183,172,25,44,15,2,401,1876,2026.10.08-1
